Date,User,Message
2025-02-26 15:16:53,"깡회장님","깡회장님님이 캐이 코치님, 조재훈님, 미진실장님님과 황여진님을 초대했습니다."
2025-02-26 15:16:53,"깡회장님","안녕하세요 대표님❤
화창하다의 교육생이 되신것을 축하드리며,
대표님만을 위한 학습지원방이 오픈되었습니다! 

오로지 우리 대표님의 성장과 성공을 도와드리는 단톡방이니 개인적인 질문이 있다면 여기를 활용해주세요!

또한 저와 인연이 된만큼 제가 대표님의 인생터닝포인트가 되길 바라겠습니다!!"
2025-02-26 15:16:55,"깡회장님","사진"
2025-02-26 15:16:59,"깡회장님","이거 제 개인번호가 작성되어있는 명함입니다:) 혹시라도 개인적인 질문이 있거나 통화하고싶은 내용이 있다면 언제든지 전화해주세요:) "
2025-02-26 15:24:36,"미진실장님","안녕하세요! 
저는 깡대표님과 7년 동안 함께한 작은깡대표 입니다!
저를 처음 보시면 이렇게 생각하실 수 있어요.
""어?대표님을 복사해 온 것 같은데?""
맞습니다!😃
저는 깡대표님의 복사기처럼,깡대표님의 생각과 경험을 닮아
대표님께서 겪게 될 궁긍증과 고민을 누구보다 잘 이해하고
해결해드릴 자신이 있습니다. 

이 학습지원방을 통해 언제든지 ""작은깡대표""를 불러주시면
대표님의 든든한 지원군이 되어 드리겠습니다!

자~준비 되셨나요?
그럼 달려볼까요?"
2025-02-26 15:27:53,"황여진","네네 ~  
감사합니다!"
2025-02-26 15:31:12,"깡회장님","우선 이미 저와 인연이 된만큼 저 또한 대표님이 꼭 성공하길 바라는 사람입니다! 그러니 저를 믿고 열심히 따라와주세요!"
2025-02-26 16:58:17,"캐이 코치","안녕하세요 캐이코치입니다.

깡대표님과 7년동안 마케팅업무를 하면서 마케팅에서는 자신있다고 생각합니다 마케팅쪽으로 궁금하신것과 강의중 이해가 안된다 하시는건 언제든 물어봐주시면 답변해드리겠습니다."
2025-02-26 17:39:13,"조재훈","안녕하세요, 대표님.
저는 마케팅을 담당하고 있는 마크 팀장입니다.
교육 과정 중 마케팅 관련 문의사항이 있으시면 언제든지 물어봐 주세요. 성심성의껏 답변해 드리겠습니다.
저는 깡대표님과 사업초기부터 지금까지 함께 일해왔으며 많은것을 배워왔습니다.
이곳에서 함께 성장할수 있도록 많은 서포트 해드리겠습니다."
2025-02-26 17:55:53,"미진실장님","대표님에게 집중하기 위해 
1:4 학습지원방이 개설 되었습니다. 
이방에는 대표님과 깡대표님 외 코치친3명이 함께하며
언제든지 도움을 드릴 준비가 되어 있습니다. 

[학습지원방 이용 안내 공지사항]

✅ 24시간 문의 가능:
◾언제든지 궁금하신 내용을 말씀해주세요!
빠른 답변을 위해 최선을 다하겠습니다.

⌛ 다만,아래의 상황에서는 답변이 다소 
늦어질 수 있습니다.
◾퇴근 시간 이후
◾주말 및 공휴일
◾코치진 전체 회의 시간 중

🚀가능한 빠르게 답변을 드리기 위해 노력하겠습니다!
대표님의 기다림이 길지 않도록 항상 최선을 다할 것을
약속 드립니다 🙏

✅ 전화 상담 요청: 
◾전화 상담을 원하실 경우 언제든지 요청해주세요!
깡대표님과의 상담은 가능한 일정 체크 후 
빠르게 연락 드리겠습니다.

작은 고민도 편하게 말씀해 주세요! 
저희가 대표님의 든든한 버팀목이 되어 
끝까지 함께 하겠습니다!

📌카페 등업 신청 안내 
화온연카페 https://cafe.naver.com/tlzm1234
카페 가입 후 이방을 통해 가입하신 아이디를 말씀해주시면 
확인 후 등업 신청을 해드립니다 😊

감사합니다."
2025-02-26 17:55:56,"미진실장님","톡게시판 '공지': 대표님에게 집중하기 위해 
1:4 학습지원방이 개설 되었습니다. 
이방에는 대표님과 깡대표님 외 코치친3명이 함께하며
언제든지 도움을 드릴 준비가 되어 있습니다. 

[학습지원방 이용 안내 공지사항]

✅ 24시간 문의 가능:
◾언제든지 궁금하신 내용을 말씀해주세요!
빠른 답변을 위해 최선을 다하겠습니다.

⌛ 다만,아래의 상황에서는 답변이 다소 
늦어질 수 있습니다.
◾퇴근 시간 이후
◾주말 및 공휴일
◾코치진 전체 회의 시간 중

🚀가능한 빠르게 답변을 드리기 위해 노력하겠습니다!
대표님의 기다림이 길지 않도록 항상 최선을 다할 것을
약속 드립니다 🙏

✅ 전화 상담 요청: 
◾전화 상담을 원하실 경우 언제든지 요청해주세요!
깡대표님과의 상담은 가능한 일정 체크 후 
빠르게 연락 드리겠습니다.

작은 고민도 편하게 말씀해 주세요! 
저희가 대표님의 든든한 버팀목이 되어 
끝까지 함께 하겠습니다!

📌카페 등업 신청 안내 
화온연카페 https://cafe.naver.com/tlz"
2025-03-06 11:29:50,"황여진","안녕하세요 ^^
일하다 보니.. 오늘 미션 수행하려고 합니다.
네이버 카페 비공개로 되어있는데.. 어떻게 해야하는지? 알려주세요 ~"
2025-03-06 11:47:06,"깡회장님","[[화창하다온라인 2기 공지 카페] 네이버 카페로 초대합니다.
https://naver.me/GDahChzP
From 깡대표"
2025-03-06 11:47:18,"깡회장님","대표님! 여기에 가입해주시면 제가 바로 승인해드릴께요!"
2025-03-06 11:48:00,"황여진","황여진으로 가입했습니다 ^^"
2025-03-06 11:48:25,"깡회장님","네! 대표님 승인해드렸습니다:)"
2025-03-06 11:49:28,"황여진","삭제된 메시지입니다."
2025-03-06 12:09:51,"황여진","화온연카페도 가입했습니다 
온2기 황여진입니다."
2025-03-06 12:18:05,"깡회장님","대표님! 가입하신 네이버아이디 알려주시면 빠르게 확인해볼께요!"
2025-03-06 12:18:22,"황여진","consider3 입니다 "
2025-03-06 12:19:44,"깡회장님","네!대표님!등업해드렸습니다 ㅎ"
2025-03-06 12:19:56,"황여진","네 감사합니다 😊 "
2025-03-07 15:32:03,"황여진","사진"
2025-03-07 15:32:07,"황여진","사진"
2025-03-07 15:32:28,"황여진","월간 검색이 되지 않습니다."
2025-03-07 16:08:41,"깡회장님","이거 대표님! 줌피드백때 알려드릴께요!"
2025-03-07 16:10:09,"황여진","네!! 알겠습니다 "
2025-03-07 18:29:18,"캐이 코치","입력하신 url한번 여기에 올려주시겠어요?"
2025-03-07 18:30:00,"캐이 코치","간혹 url을 풀로 기입하지않을경우 안뜨는 현상이있는데 확인해보겠습니다."
2025-03-07 18:34:43,"캐이 코치","횩시 크롬 쓰실까요?"
2025-03-07 18:35:19,"캐이 코치","사진"
2025-03-07 18:35:19,"캐이 코치","크롬 웹브라우저로 진행해주시면 해결되실거같습니다.
"
2025-03-07 18:39:41,"캐이 코치","혹시 월간키워드가 이 url이랑 똑같을까요?

javascript: function naver_keycnt(){ var head = document.getElementsByTagName('head')[0]; var jScript ; jScript = document.createElement('script'); jScript.language = 'javascript'; jScript.src = 'https://www.ryo.co.kr/asset/bookmarklet/naver_search_keycnt_simple/index.js'; jScript.type = 'text/javascript'; head.appendChild(jScript); } naver_keycnt();"
2025-03-08 11:20:59,"황여진","확인해 보겠습니다 "
2025-03-08 11:49:44,"깡회장님","대표님 안 되면 말씀해 주세요. 원격으로 해 드릴게요:)"
2025-03-10 16:12:29,"깡회장님","대표님! 혹시 되시나요?"
2025-03-11 20:48:16,"황여진","제가 월,화는 일이 바빠서 ..
내일 하겠습니다  ;;"
2025-03-11 21:01:18,"깡회장님","네:)그럼 내일말씀해주세요!원격으로해드릴께요!"
2025-03-11 21:09:49,"황여진","네:) 알겠습니다 
고맙습니다 "
2025-03-12 12:08:58,"황여진","대표님 해결했습니다 ^^
(엄지척)(엄지척)"
2025-03-12 14:25:41,"깡회장님","오!!! 좋습니다 ㅎㅎㅎㅎ"
2025-03-12 14:25:44,"깡회장님","다행이네요 ㅎㅎ"
2025-03-21 19:11:46,"깡회장님","대표님~! 잘 지내고 계시죠? 오늘 벌써 강의가 오픈된지 한달이 되었습니다! 미션 기다리고 있는데 너무 오래걸리시는거같아 연락드렸습니다~! 혹시 어려운 문제가 있다면 저희와 함께 상의하시면 되니 늦었다고 생각하지 마시고 천천히 실행해주세요!! "
2025-03-21 19:35:42,"황여진","네 알겠습니다. ^^

일단 1주차 미션(1~14개)은
노트에 대략 적어 놨습니다.
정리하면서 글 올리겠습니다.

일하면서  아이 셋 키우다보니..
만만치 않습니다.  ;;

오늘 (2주차 - 5강) 우리 제품 핵심 문장 만들기 미션까지 봤습니다.
 
열심히 진도 따라가려고 노력 중입니다. ^^

일단 1주차 정리해서 곧 올리겠습니다. 
감사합니다 👍 
"
2025-03-21 19:48:41,"깡회장님","네! 대표님! 이제라도 하루에 하나씩 미션 하나만 하자!라고 생각해주시고 늦더라도 진행해주세요:)!! 그래야 이 강의가 대표님의 인생터닝포인트가 될수 있어요! 아시겠죠?? ㅎㅎ "
2025-03-21 19:49:34,"황여진","네~  알겠습니다 
감사합니다 "
2025-03-21 20:59:15,"황여진","삭제된 메시지입니다."
2025-03-21 23:46:09,"깡회장님","네!!대표님:)"
2025-03-24 14:40:00,"황여진","파일: 화장품 1~14미션. 기획..hwp"
2025-03-24 14:43:23,"황여진","안녕하세요 ~
미션을 잘 이해하고 수행했는지 ..
궁금합니다.  피드백 잘 부탁드립니다."
2025-03-24 18:31:22,"깡회장님","네!대표님! 확인했습니다. 혹시 여기서 하시고 싶은 화장품이 무엇일까요? "
2025-03-24 18:49:12,"황여진","네 대표님 안녕하세요 ~
여드름 스킨케어 & 로션입니다."
2025-03-24 18:53:52,"황여진","아니면 5번. 미션에 작성한  안티에이징 (주름개선 리프팅, 탄력)제품은 어떨까요? 
추천 부탁드려도 될까요?

45세 여성으로써 주름개선도 관심이 있고, 성인성 여드름도 있어서 둘 다 관심이 있습니다."
2025-03-24 18:58:05,"깡회장님","오 대표님 통화가능하세요?"
2025-03-24 18:58:23,"황여진","네 가능합니다 
01066176578"
2025-03-28 13:14:50,"황여진","파일: 주름증상 개선 10개..hwp"
2025-03-28 13:16:20,"황여진","대표님 "
2025-03-28 13:17:34,"황여진","이제 올립니다.  ^^                                                           "
2025-03-28 15:06:33,"깡회장님","오 ㅎㅎ 좋네요! 대표님! 그럼 최종 신제품 개발서 작성해주세요! 보고 다시 말씀드릴께요!"
2025-03-28 17:32:42,"황여진","네! 알겠습니다 
감사합니다 ^-^"
2025-04-02 14:32:28,"황여진","안녕하세요 
상세페이지 기본 베이스(바탕) 어디서 볼 수 있을까요?"
2025-04-02 15:05:15,"황여진","망고보드에 움짤도 올릴 수 있는 건가요?"
2025-04-02 15:41:06,"깡회장님","??엇 대표님 이해하지못했습니다!"
2025-04-02 16:01:10,"황여진","대표님 통화 가능하세요?"
2025-04-02 16:01:45,"황여진","상세페이지는 망고 보드에서 만드는게 맞나요?"
2025-04-02 16:09:45,"황여진","망고보드 상세 페이지에 움짤 영상도 올릴 수 있는가? 해서요 ~"
2025-04-02 17:02:32,"깡회장님","네 대표님 망고보드 에서만 드셔도 상관 없습니다. 다만 망고보드에서 움짤은 힘들어요ㅠ"
2025-04-02 17:42:42,"황여진","상세페이지에 움짤 영상도 넣고  싶은데 어떻게 해야되나요?"
2025-04-02 22:18:39,"깡회장님","오! 이건 따로 넣으시면 됩니다 ㅎㅎ 움짤은 상세페이지를 스마트스토어에 업로드 할때 함께올립니다 ㅎㅎ 이해 되셨을까요?"
2025-04-02 23:49:43,"황여진","아!  네네 ^-^"
2025-04-02 23:51:26,"깡회장님","이모티콘"
2025-04-04 11:55:17,"황여진","대표님 
안녕하세요 
상세페이지 망고보드에서 만들고 있는데요. 
일단 .. 망고보드 출처가 들어가도 되나요?"
2025-04-04 13:33:43,"깡회장님","오?? 무슨말인지 이해하지 못했어요!"
2025-04-04 14:23:31,"황여진","방고보드 무료는 
이미지에 망고보드라고 찍혀 있어서요."
2025-04-04 14:24:23,"황여진","사진"
2025-04-04 14:25:07,"황여진","삭제된 메시지입니다."
2025-04-04 14:26:03,"황여진","이렇게 출처가 MANGO라고 나와요"
2025-04-04 14:32:53,"깡회장님","아! 무료버전이시구나! 저거 워터마크없는걸로 쓰시거나,워터마크있는것은 유료로 쓰셔야합니다! "
2025-04-04 14:34:06,"황여진","네 알겠습니다 "
2025-04-04 15:14:47,"황여진","사진"
2025-04-04 15:15:35,"황여진","삭제된 메시지입니다."
2025-04-04 15:16:22,"황여진","대표님 슬라이스 크기는 몇으로 저장해야 하나요?"
2025-04-04 16:47:14,"미진실장님","스마트스토어센터 상세페이지 사이즈는 가로 860px, 세로는 자유입니다."
2025-04-04 17:43:25,"황여진","네 알겠습니다 "
2025-04-06 11:32:05,"황여진","삭제된 메시지입니다."
2025-04-06 11:32:18,"황여진","대표님 안녕하세요 
상세페이지 만드는게 시간이 많이 걸리는 건가요? 
잘 하고 싶은데..
이렇게 하는게 맞는건가?
잘 만들고 있는건가?
저만 이렇게 늦는건가 싶어서요~ ;;"
2025-04-06 11:33:57,"황여진","상세페이지 만들다가 멘붕이 와 버렀어요 ~ 살려주세요 😭"
2025-04-06 12:03:43,"미진실장님","대표님 기획 먼저 잡아보시고 상세페이지 하시는게 훨씬 수월하실꺼에요! 어느부분이 힘드실까요?"
2025-04-06 13:50:37,"황여진","미진 멘토님
혹시 통화 가능해실까요?"
2025-04-06 13:50:46,"황여진","010-6617-6578"
2025-04-06 13:54:07,"황여진","삭제된 메시지입니다."
2025-04-06 13:54:50,"황여진","기획은 70~80% 잡아 놓고 상세페이지 만드는 중입니다.
아직직 제품이 없어서 
다른 이미지로 우선 올려 놨다가 제품나오면 수정하면 될까요?
"
2025-04-06 13:56:55,"황여진","망고보드에서 상세 페이지 만들어 놓고  .. 스마트스토어 업로드시 추가  이미지 보충해서 올려도 되는건지?도 궁금합니다."
2025-04-06 13:58:12,"황여진","삭제된 메시지입니다."
2025-04-06 14:44:20,"깡회장님","네, 대표님 그렇게 하셔도 상관 없습니다. 어차피 다운로드 해서넣으시니까욯ㅎ"
2025-04-07 11:45:15,"황여진","네 알겠습니다 "
2025-04-07 11:53:20,"깡회장님","네:) 대표님!"
2025-04-07 12:03:53,"미진실장님","아이쿠 대표님 제가 카톡내용을 놓쳤네요! ㅠㅠ 잘 진행되고 있으실까요?"
2025-04-07 20:21:36,"황여진","네 ~  열심히 하고 있습니다 "
2025-04-16 16:55:36,"황여진","안녕하세요 대표님
챗GPT 만들기 하려면 ..
계정만들기 해야하나요?"
2025-04-16 16:57:18,"황여진","사진"
2025-04-16 16:58:09,"황여진","여기로 들어가서 계정만들기 하면 되나요?"
2025-04-16 17:00:43,"캐이 코치","네 gpt 들어가셔서 만들어주시면됩니다됩니다 구글계정이 있으시다면 구글계정으로 로그인됩니다!"
2025-04-16 17:01:56,"황여진","사진"
2025-04-16 17:02:54,"황여진","계정없이 위 이미지처럼 바로 쓸 수도 있나요?"
2025-04-16 17:03:31,"황여진","꼭 계정 로그인을 해야 하나요?"
2025-04-16 17:05:12,"깡회장님","계정 로그인은 필수입니다. 또한 저는 무료버전보단 유료버전이 훨씬 퀄리티가 높아서 계정로그인 하신후  사용하시는것을 추천드립니다."
2025-04-16 17:08:11,"황여진","네 알겠습니다 "
2025-04-16 17:38:03,"깡회장님","네:)대표님!"
2025-04-25 17:36:39,"황여진","대표님  안녕하세요 ^^
신제품 개발 의뢰서 작성 중입니다.
1)거래처명 
2)의뢰 담당자 이름
>>1번).2번)은 뭐로 기재하면 되나요?
3)사업자  등록번호 
예전에 만들어 놓은 ..
업태>도소매, 종목>전자상거래. 사업자등록증으로 적으면 될까요?"
2025-04-25 17:37:42,"황여진","삭제된 메시지입니다."
2025-04-25 17:39:19,"황여진","1번)황금브로콜리(회사이름)
2번)황여진(나) 기재하면 될까요?"
2025-04-25 17:41:55,"깡회장님","네! 대표님 모두 맞습니다 ㅎㅎ "
2025-04-25 17:42:16,"깡회장님","거래처명은 사업자등록증명 (없다면 이름써주셔도 되요!)"
2025-04-25 17:42:31,"깡회장님","2)의뢰 담당자 이름 >> 이것도 대표님 성함"
2025-04-25 17:42:35,"깡회장님","3)사업자  등록번호 
예전에 만들어 놓은 ..
업태>도소매, 종목>전자상거래. 사업자"
2025-04-25 17:42:47,"깡회장님","네! 이것도 대표님 사업자등록증번호 넣어주시면 됩니다:)"
2025-04-25 18:58:06,"황여진","넵! 알겠습니다 :)  💕 "
2025-04-27 13:44:35,"황여진","안녕하세요 대표님
일반 콜드크림 용기에 
1)뚜껑(꼭지)부분->> 하트 괄사 제작할 수 있을까요?
2)어렵다면 미니 하트괄사만 따로 제작 할 수 있을까요?

*컨셉이  주름개선 탄력-  '3분만에 윤곽을 찾았다.' 입니다. *"
2025-04-27 13:45:19,"황여진","이렇게도 용기 테스트가 가능할까요?"
2025-04-27 16:10:12,"황여진","파일: 신제품 개발 의뢰서 (양식) (2).xlsx"
2025-04-28 11:24:07,"깡회장님","1)뚜껑(꼭지)부분->> 하트 괄사 제작할 수 있을까요?
2)어렵다면 미니 하트괄사만 따로 제작 할 수 있을까요?

>>아마 이건 용기수급이 힘드실꺼예요! 그렇기때문에 별도로 괄사를 넣어서 진행하면 좋을꺼같습니다! "
2025-04-28 11:24:57,"깡회장님","부자재는 저희가 해드리는것이 아니기때문에 화온연 용기업체 리스트에서 확인하시면 좋을꺼같아요! "
2025-04-28 11:25:34,"깡회장님","신제품개발의뢰서 확인했고, 타겟제품 보내주시면 회의 진행할께요! 다만 5월 초 연휴라서 연휴 마치고 개발 들어가야 할꺼같습니다!"
2025-04-28 11:25:53,"깡회장님","그럼 시간이 꽤 걸릴꺼같아요! 최대 4주정도 잡아주시면 좋을듯합니다! "
2025-04-28 11:26:04,"깡회장님","@미진실장님 신제품개발서 확인해주세요!"
2025-04-28 11:29:37,"황여진"," 네 알겠습니다 "
2025-04-28 11:31:40,"황여진","주말은 아무래도 답변 주시가 힘드시죠.. "
2025-04-28 11:33:28,"황여진","전에.. 주말도 답변 주시는 것 같아서요  ~"
2025-04-28 11:35:04,"황여진","제가 주말에 시간이 나다 보니.. 불편하시다면 평일에 문의 드리려고요.. "
2025-04-28 11:51:26,"깡회장님","아니예요! 대표님 ㅎㅎ 일정이 있어서 답변이 어려웠습니다 ㅎㅎ 일정 없을땐 주말에도 답변 드리니 편하게 질문해주셔도 됩니다:)"
2025-04-28 11:55:23,"황여진","네 알겠습니다 ^^
감사합니다 👍 "
2025-04-28 12:27:12,"미진실장님","안녕하세요 대표님! 신제품 개발의뢰서 확인 하였습니다. 내용은 잘 적어주셨습니다! 요청주신 성분중에 소량수급이 안되는 성분은 대체성분으로 진행되오니 이점 참고 부탁 드리며 개발 진행 하도록 하겠습니다!"
2025-04-28 16:24:40,"황여진","네 알겠습니다 ^^"
2025-04-28 16:40:49,"황여진","대표님 
타겟제품 보낼때..
쿠팡에서 바로 '전라북도 익산시 익산대로 460 ...  ' 으로 해서 수취인 황여진으로해서 보내기 해도 되는거죠 ~"
2025-04-28 16:41:57,"깡회장님","네! 맞아요!대표님!"
2025-04-28 16:42:09,"황여진","네! 알겠습니다 "
2025-05-07 15:50:55,"미진실장님","안녕하세요 대표님! 
샘플링 진행중에 있어서 소량수급이 안되는 성분들은 대체하고자 합니다, 확인 부탁 드리겠습니다!
1) 바오밥나무씨오일 => 바오밥나무 열매 추출물
 2) 에스에이치-폴리펩타이드-121=> 5GF-Complex H( 에스에이치-올리고펩타이드-1, 에스에이치-올리고펩타이드-2, 에스에이치-폴리펩타이드-1, 에스에이치-폴리펩타이드-22, 에스에이치-폴리펩타이드-3) 변경해도되나요?
"
2025-05-08 16:30:37,"황여진","조금 더 알아보고 .. 내일 답변 드리겠습니다.
"
2025-05-08 16:43:34,"미진실장님","네네 대표님!"
2025-05-09 14:58:31,"황여진","삭제된 메시지입니다."
2025-05-09 14:59:55,"황여진","미진 대표님. 안녕하세요 ~
*바오밥나무씨 오일 대신
바오밥 열매 추출물을 쓰게되면.. *오일과 추출물비교했을때 효능이 어떤 차이가 있을까요?
*그리고 병물수로 의뢰했는데..
섞여도 상관없을까요?"
2025-05-09 15:12:24,"황여진","사진"
2025-05-09 15:12:43,"황여진","바오밥 열매 추출물도.. 오일 성분과 효능은 비슷 할까요?"
2025-05-09 15:21:29,"황여진","삭제된 메시지입니다."
2025-05-09 15:22:29,"황여진","아니면
*시어버터or
*달맞이꽃 오일도 생각해 보고 있습니다.
제품 효능이 '주름개선 탄력 '입니다.  대표님께서 
1)바오밥나무 열매 추출물.
2)시어버터.
3)달맞이꽃 오일. 추천해 주시면 감사하겠습니다. 

에스에이치  폴리펩타이드121 =>
변경해 주세요~"
2025-05-09 15:33:55,"황여진","타겟제품 10일(토요일) 도착해도 괜찮을까요? 주말은 휴무이시죠?!"
2025-05-09 16:36:51,"깡회장님","네:) 대표님! 내일 도착해도 괜찮아요! 택배보관소가 따로있어서요 ㅎㅎ "
2025-05-09 16:37:19,"황여진","네;)"
2025-05-09 16:38:34,"황여진","대표님
크림용기는 업체에서 실크인쇄만 가능서 1000개 주문만 가능 하다고하는데.. 다른 방법이 있을까요?"
2025-05-09 16:39:44,"황여진","'주름개선 탄력'이다 보니 왠지 크림용기를 써야할거 같아서요"
2025-05-09 16:40:28,"깡회장님","아무래도 오일과 추출물은 차이가 있습니다. 다만 바오밥은 연구팀에서 추출물로도 효과가 괜찮다고 하네요!ㅎㅎ 또한 방금말씀해주신 오일 3개 모두 좋아서 만약 저라면 바오밥과 시어버터중에 할꺼같긴합니다! 달맞이도 좋긴한데 조금 비싸서.. ㅎㅎㅎㅎㅎ 비싼게 상관없다면 달맞이도 괜찮구요! "
2025-05-09 16:40:33,"깡회장님","1000개면 "
2025-05-09 16:40:39,"깡회장님","저라면 나눠서 쓸꺼같긴해요! "
2025-05-09 16:40:47,"깡회장님","인쇄 1000개면 금액이 크지 않아요! "
2025-05-09 16:41:23,"깡회장님","인쇄자체가 5000개 이상부터 되다보니까 1000개면 할만합니다! 300개 하고 부자재 가지고 계시다가 추후 재생산 하실때 쓰시면 되니까요!"
2025-05-09 16:47:17,"황여진","오~ ! 
그럼 300개만 하고 나머지는 집에서 보관해서 추후때 쓰면되네요 ^^

같은 제품 재주문 들어가면 시간이 많이 걸리죠.. 
 4주? 잡아야 하나요?
그럼 500백개 발주 넣어야 하나? 고민 중입니다. 
처음이라 감이 없어서요. 
제품 출시 비용과 유통기간이 어떻게 될까요?"
2025-05-09 16:48:19,"깡회장님","맞아요! 제품출시비용은 무슨말씀이실까요?유통기한은 보통 2-3년입니다!"
2025-05-09 16:48:59,"깡회장님","또한 재생산도 4주정도 잡으셔야 합니다~! 보통 300개 생산하시고 나서 추후 진행하실때 500-1000개 이상 뽑으시는분들이 많아요~!"
2025-05-09 16:49:22,"황여진","공장에서 제품 출시하면 비용이 들잖아요
원료값 인건비 등.. 이요 "
2025-05-09 16:49:42,"황여진","아!  네네 ~"
2025-05-09 16:50:22,"깡회장님","전부 다 했을때 300만원 미만되실꺼예요! 추후 견적서보내드리면  금액 그대로 입니다~! ㅎㅎ "
2025-05-09 16:52:19,"황여진","제품1개당 단가가 10,000원으로 생각하면 되는거네요  ~"
2025-05-09 16:53:11,"깡회장님","맞아요! 여기엔 단상자 라벨지등등도 포함되어있는가격입니다~! "
2025-05-09 16:53:21,"깡회장님","최대로 말씀드리는게 좋아서 저는 최대로 말씀드립니다 ㅎㅎㅎ"
2025-05-09 16:53:46,"황여진","용기는 없는 건가요? "
2025-05-09 16:54:01,"깡회장님","모두 포함입니다~!"
2025-05-09 16:54:10,"황여진","네:)"
2025-05-09 16:57:53,"황여진","삭제된 메시지입니다."
2025-05-09 16:58:16,"황여진","'라벨지'-> 실크인쇄해서(인쇄데이타) ->'요기업체'보내서 인쇄되면->'단상자'에 보내고-> 나면.. 마지막으로>> '공장'으로 보내는 건가요? "
2025-05-09 16:59:33,"황여진","라벨지>용기업체>단상자>공장 순인가요?"
2025-05-09 17:01:22,"깡회장님","대표님 통화가능하세요?"
2025-05-09 17:03:10,"깡회장님","샘플받으시면 > 용기테스트 진행하고 > 완료되면 라벨지 단상자 디자인 진행 > 저희한테 확인 받으시고 > 문제 없으면 용기/라벨지/단상자 모두 각각 저희에게 전달해주시면 됩니다!"
2025-05-09 17:03:12,"깡회장님","이해 되셨을까요?"
2025-05-09 17:05:44,"황여진","대표님 통화 가능합니다.
이해가 어려워서요  ;;"
2025-05-09 17:09:09,"깡회장님","https://cafe.naver.com/tlzm1234/3072"
2025-05-09 17:09:16,"깡회장님","https://cafe.naver.com/tlzm1234/3232"
2025-05-09 17:25:56,"황여진","대표님 
이해가 명확이 되었습니다.
감사합니다:)"
2025-05-09 17:31:19,"깡회장님","이모티콘"
2025-05-10 15:01:45,"황여진","대표님 ^^
달맞이꽃 오일이 비싸다고 하셨는데..  시어버터랑 얼마나 차이가 있을까요?"
2025-05-10 20:00:13,"깡회장님","보통 넣으면 전체원료값 비교했을때 1.5배정도 차이 난다고생각하시면됩니다!"
2025-05-10 22:00:46,"황여진","네 알겠습니다 "
2025-05-11 10:13:55,"깡회장님","네:)대표님:)"
2025-05-11 15:47:56,"황여진","대표님 ^^
본)원료값1.0이면+ 달맞이꽃 오일0.5 =1.5배인건가요?
"
2025-05-11 18:41:28,"깡회장님","음..맞습니다:)
저도 대략적으로 말씀드린거긴합니다:)달맞이가 비싸니까요ㅎㅎ"
2025-05-11 19:14:23,"황여진","네네 알겠습니다 ^^"
2025-05-11 19:48:25,"깡회장님","넵:)"
2025-05-12 11:09:22,"미진실장님","안녕하세요 대표님! 확정 주시면 진행 도와드리도록 하겠습니다! 

1)바오밥나무 열매 추출물.
2)시어버터or달맞이꽃오일 선택 주세요!"
2025-05-12 11:10:15,"황여진","달맞이꽃오일로 하겠습니다. ♡"
2025-05-12 12:17:39,"미진실장님","네 대표님"
2025-05-22 11:45:45,"미진실장님","안녕하세요 대표님! 
샘플링이 완료 되어 오늘 출고 드릴 예정입니다. 
요청주셨던 실타입,쫀쫀한 제형이 잘 나왔습니다!
샘플링 받으실 주소 확인 부탁 드리며. 
사용후 사용감 피드백 전달 부탁 드리겠습니다:)"
2025-05-22 12:12:19,"황여진","네~  알겠습니다 ^^
경기도 김포시 고촌읍 수기로136 캐슬앤파밀리에시티2단지 218동 403호. 입니다:)"
2025-05-26 12:03:25,"황여진","미진 대표님 안녕하세요 ^^
샘플링 테스트 결과 드립니다.
**부족
*유분감,윤기가 부족한거 같습니다.
(타겟제품은: 유분감이 있어>> 촉촉해 보입니다.)
>달맞이 꽃 오일을 더 넣어야 할까요?
>시어버터를 더 추가해야 할까요?
 *향이(조금) 있으면 좋을거 같습니다.  (허브향.. 등 )

**만족 
*쫀쫀한 제형 만족합니다:)
*바른 후 쫀쫀해서 만족합니다:)"
2025-05-26 12:07:37,"황여진","삭제된 메시지입니다."
2025-05-26 12:07:54,"황여진","대표님 병풀수로 만들어진 건가요?"
2025-05-26 15:55:11,"미진실장님","네 대표님 병풀수로 세팅해서 진행했습니다!

위에서 말씀하신 유분감을 추가해야될꺼같은데 달맞이는 고가원료라서 시어버터를 추가하면 좋을듯합니다. 또한 향은 어떤향을 말씀하시는걸까요? 일반적인 허브향도 종류가 굉장히 많아서 간단한게 말씀해주시면 개발이 더욱 쉬울듯합니다. 예를들자면 녹차향이라던지, 레몬향 등등을 말씀해주시면 더욱 좋을꺼같습니다! "
2025-05-27 12:29:34,"황여진","대표님 안녕하세요 ^^
*유분감을 위해 시어버터 적절히 추가 바라겠습니다.
또한 추천도 부탁드립니다:)
*향은 8:2비율 괜찮을까요?
라벤더(8)+베이비파우더향(2)

대표님~
제 제품이..
안티에이징 컨셉으로 출시되는 제품입니다.
제가 선택한 성분으로
효능은 괜찮을까요? 
처음이다보니 걱정도 되고 설레이기도 합니다:)
대표님 조언 부탁드립니다 🙏 
감사합니다:)"
2025-05-27 16:43:27,"깡회장님","음,, 향은 하나로 가시는게 좋아요 오히려 섞이면 역할수도있습니다. 알러지프리로 라벤더로 가시면 좋을꺼같아요! 또한 저희 연구팀이 효과부분이 아니라면 제외하기때문에 효과부분은 괜찮으실꺼예요! 걱정하지마세요! 보통 샘플링 확정하시면 전성분 드리는데 미리 전성분표 보내달라고 말씀드릴께요! 전성분 보시면 마음이 편해지실꺼예요 ㅎㅎ"
2025-05-27 16:43:42,"깡회장님","@미진실장님 이번 샘플링 진행한거 전성분표 보내주세요! "
2025-05-27 16:48:45,"황여진","네 알겠습니다 
'알러지프리 라벤더'도 타사에서 보편적으로 사용하는 향인가요? 
(잘 몰라서 여쭤 봅니다.)"
2025-05-27 16:49:46,"황여진","라벤더vs 일랑일랑은 어떨까요?"
2025-05-27 16:50:40,"황여진","추천 부탁드립니다:)"
2025-05-27 16:51:50,"깡회장님","라벤더 / 일랑일랑 둘다 많이 활용합니다. 다만 라벤더는 리날룰/리모넨이 추가가 되기때문에 ewg 그린등급은 안나와서 아주 극소량 리날룰/리모넨 전성분에 추가 안되게 진행하기도 하고 라벤더가 기본적으로 한국인이 가장 좋아하는 호불호없는 향이라 많이 사용합니다~!  ㅎㅎ 둘다 많이 사용하시는거라 한번 고민해보세요 ㅎㅎ "
2025-05-27 16:56:15,"황여진","네 알겠습니다 
내일까지 답변하겠습니다:)
감사합니다 👍 "
2025-05-27 17:09:39,"깡회장님","네:) 대표님! ㅎㅎ"
2025-05-27 17:10:01,"깡회장님","결정이 어려우시면 올리브영같은곳에 가서 두개의 향을 비교해보시면 쉽게 결정하실수 있어요! ㅎㅎ"
2025-05-27 17:12:09,"황여진","네 ~ 내일 가보려고 결정하겠습니다:) ㅎㅎ"
2025-05-27 19:33:38,"깡회장님","네!대표님:)"
2025-05-29 13:30:47,"황여진","대표님 안녕하세요 "
2025-05-29 13:39:13,"황여진","*일랑일랑으로 결정했습니다.
*시어버터 성분도 추가해주세요. 잘 부탁드립니다:) 감사합니다 ~"
2025-05-29 15:36:26,"황여진","대표님
저번에 문의 드렸던 콜드크림 용기 문의입니다.
*콜드크림 용기 >
'실크인쇄'시 1000개부터 가능.
*실크인쇄 1000개 주문>
300개 제품 출시.   후~
*600개 제품 재생산시 사용하면 되는건가요?
**아니면 
*스티커 인쇄로 300개만 주문 들어가는게 나을까요?"
2025-05-29 15:43:17,"황여진","대표님
예전에 (상호가 없는)  전자상거래 사업자등록증  만들어 놨는데요.
예전 사업자로 이름  넣고 사용해도 괜찮을까요?"
2025-05-29 20:40:45,"깡회장님","네!대표님 알겠습니다:)"
2025-05-29 20:50:44,"깡회장님","보통 인쇄하시면 300/추후 재생산때 활용 하시는데 저는 첫 생산 때 인쇄 하시는 걸 추천 드리지 않아요!왜냐하면 리뉴얼 할 수도 있으니까요!!그래서 스티커 인쇄로 300개 진행 하시는 걸 추천 드립니다. 물론 인쇄를 하고 싶으시면 한번 고민해 보세요.!"
2025-05-29 20:51:25,"깡회장님","네, 대표님 이름바꾸시고 그대로 사용하시면 됩니다!"
2025-05-30 09:19:52,"황여진","대표님  ^^
일랑일랑은 미약한(은은한) 정도로 잘 부탁드립니다. "
2025-05-30 09:20:23,"깡회장님","ㅎㅎ 네넵 ㅎㅎ 화장품은 향이 진하면 안되서 은은하게 진행할 예정입니다 ㅎㅎ"
2025-05-30 09:20:28,"황여진","네~ 잘 알겠습니다:) "
2025-05-30 09:20:48,"황여진","네 알겠습니다:)"
2025-05-30 09:21:26,"깡회장님","이모티콘"
2025-05-30 09:22:04,"황여진","이모티콘"
2025-05-30 09:22:09,"황여진","이모티콘"
2025-05-30 11:32:12,"미진실장님","대표님! 최종수정진행하기전 확인한번 할께요!  

*수정사항 
*유분감,윤기가 부족한거 같습니다.
(타겟제품은: 유분감이 있어>> 촉촉해 보입니다.)
>시어버터를 더 추가해서 유분감을 올리면 어떨까 싶습니다. 
 *향이(조금) 있으면 좋을거 같습니다.  (일랑일랑향으로은은하게.)

이렇게 재수정 진행하려고 합니다! 맞으시죠?>
"
2025-05-30 12:27:12,"황여진","네!  대표님 맞습니다.
잘 부탁드립니다:) "
2025-05-30 13:13:45,"미진실장님","네! 대표님 알겠습니다! 원료 확인해서 바로 들어가도록 할께요!"
2025-05-30 13:14:05,"미진실장님","최대한 6월중순까지는 드릴수있도록 할테니 완료되면 말씀드리겠습니다!"
2025-05-30 13:14:51,"황여진","네 알겠습니다:)
감사합니다 👍"
2025-05-30 13:16:38,"황여진","그럼.. 용기(테스트)를 빠른 시일에 보내야 겠습니다."
2025-05-30 13:24:37,"미진실장님","맞아요! 용기 보내주시면 저희가 보관하고 있다가 샘플확정하시면 바로 용기테스트 진행할께요!"
2025-05-30 15:00:44,"황여진","네! 알겠습니다:)"
2025-05-30 15:17:05,"황여진","미진 대표님 🤍 
*혹시 스럽같은 알갱이 넣고 싶은데 가능 할까요? 
>>안티에이징 캡슐크림으로 하고 싶어서요:)"
2025-05-30 15:42:20,"미진실장님","알갱이는 소량소급이 안되요ㅠㅠ"
2025-05-30 16:29:02,"미진실장님","삭제된 메시지입니다."
2025-05-30 16:29:39,"미진실장님","대표님 일랑일랑 에센셜오일일까요? 합성향일까요?

합성향은 알러지프리있고요 일랑에센셜오일은 알러지성분이 포함되서 합성향이 나을꺼같아 여쭤봅니다. "
2025-05-30 20:17:21,"황여진","네 대표님 
합성향으로 하겠습니다."
2025-05-30 20:17:38,"황여진","네 알겠습니다 "
2025-06-10 16:30:01,"황여진","대표님 안녕하세요 ^^
집에서  크림에 오일을 섞어서 사용해 봤는데요~ 아무래도 발림성이 뻑뻑한 느낌이 있습니다.
그래서 흡수력도 떨어진 듯한 느낌이 있습니다.
병풀수를 더 넣어야 할까요?

저는 시어버터& 병풀수를 더 넣으면 좋겠습니다. 괜찮을까요?"
2025-06-10 16:31:56,"미진실장님","안녕하세요 대표님! 배합과정은 개발하면서 연구원님들이 제형에 맞게 추가해서 진행해드립니다!ㅎㅎ 현재 수정들어가면서 발림성도 부드럽게> 요청 드린 상태에용!!ㅎㅎ"
2025-06-10 16:33:31,"황여진","오 ~  
알겠습니다:) 👍 "
2025-06-16 18:08:35,"깡회장님","사진 2장"
2025-06-16 18:08:38,"깡회장님","대표님! 용기 보내셨죠? 5개 보관해두고 있겠습니다:)"
2025-06-16 18:29:45,"황여진","네 알겠습니다:)"
2025-06-16 18:30:04,"깡회장님","네! 대표님!"
2025-06-17 17:47:46,"황여진","대표님 안녕하세요 ^^
전에 온 샘플링 발림성이 매트합니다. 
다시 한번 체크 부탁드립니다.
이번 '샘플링'  발림성이 부드러웠으면 좋겠습니다.
샘플링 수정 들어가면 3주 정도나 기다려야해서 ㅜㅠ 이렇게 당부드립니다 ^^
 사용감(발림성, 촉촉,  )이 중요해다 보니 이렇게 부탁드립니다. 감사합니다:)

"
2025-06-17 17:58:36,"미진실장님","네 발림성 부드럽게 요청 드렀어요!"
2025-06-17 19:47:24,"황여진","네 감사합니다:)"
2025-06-20 11:57:18,"황여진","대표님 안녕하세요 ^^
이번 신제품 개발의뢰서 보낸땐 4~5월 경이라 제 제품이 나오기를 조마조마 기다렸습니다.

지금 한 여름이 다가 오다 보니.. 계절상 제 제품 무거운 느낌이 듭니다.
계절상 소프트하고  산듯한느낌으로 출시를 해야하는게 맞다고 생각합니다.
시간이 걸려도 다시 시작해야 할까요?
대표님 도와주세요~  🙏"
2025-06-20 12:00:04,"황여진","대표님
지금 개발의뢰는 가을이나 겨울에 출시하면 어떨까요?"
2025-06-20 14:56:22,"깡회장님","오! 제가 봤을땐 가을 금방 돌아오기때문에 미리 진행하시는게 훨씬 좋으실꺼같은데 대표님이 고민해보세요. 새롭게 개발하시려면 아무래도 또 3개월정도는 잡으셔야 하니까요! "
2025-06-21 11:23:20,"황여진","사랑하는 💕 대표님 안녕하세요 
대표님 답변에 생각해 봤습니다
이렇게 하자니.. 저렇게 하자니..
결정이 어려웠습니다.

대표님 저의 결정은
이번 개발의뢰서대로 진행하면서 ..
원래대로 병풀수에  '티트리수'을 더 추가해서 물게 만들면 어떨까요?
처음 제품 기획에서는 50ml ->> 100ml로 변경하려 합니다.
그럼 계절에 맞게 산듯한 느낌이 들거 같은데...  안될까요? ;;

성분은 원병풀수에 '티트리수' 추가. 
제형은 따로 타겟제품 보내드리면 될까요?  🙏 "
2025-06-21 22:23:37,"깡회장님","음.이것도 어차피 개발이라 월요일에 연구팀에 확인해봐야할듯합니다:)
월요일에 이 내용 답변드릴께요!"
2025-06-21 22:39:45,"황여진","네 알겠습니다:)"
2025-06-21 22:40:15,"깡회장님","네:)대표님 상의후 답변드릴께요:) 편안한밤되세요!"
2025-06-21 22:51:19,"황여진","동영상"
2025-06-21 22:56:36,"황여진","대표님:)
먼저 온 제 제품에 스킨을 믹스해 봤습니다. 이런 제형도 저는 괜찮습니다. 
꼭 타겟제품 제형을 원하는건 아닙니다.
혹시 참고 사항이 될지 몰라 영상 보냅니다. 감사합니다:)  💕 "
2025-06-22 01:13:44,"깡회장님","오!이부분도 체크해볼께요:)"
2025-06-22 12:38:09,"황여진","네!  감사합니다:)"
2025-06-23 10:57:47,"미진실장님","대표님! 안녕하세요! 우선 같은 성분으로 진행하더라도 새로운 개발이라 개발의뢰서 및 타겟제품 공장으로 보내주시면 저희가 연구팀이랑 상의후 말씀드리도록 하겠습니다! "
2025-06-23 16:45:05,"황여진","네 알겠습니다"
2025-06-24 15:37:14,"미진실장님","안녕하세요 대표님! 수정샘플링이 완료 되어 오늘 기존주소로 보내드릴예정입니다, 사용감 확인해주시고 피드백 부탁 드리겠습니다!"
2025-06-24 18:03:25,"황여진","네 알겠습니다 "
2025-06-24 18:05:26,"황여진","대표님 오늘 도착한 타겟제품 제형 체크해 보시고.. 바로  샘플링  보내주시는 건가요?"
2025-06-24 18:07:11,"황여진","오늘 배송이 1:35분에 도착했는데..  바로 수정샘플링이 나와서요 ~"
2025-06-24 18:12:59,"미진실장님","삭제된 메시지입니다."
2025-06-24 18:13:45,"황여진","타겟제품은 잘 받어서 확인이 됐는지? . 연구진과 상의해서 수정샘플링 나왔다. 는 ..
전제의 내용이 없어요 ~"
2025-06-24 18:14:31,"미진실장님","5월 30일에 요청주셨던 수정사항을 반영하여 샘플링이 완료되어 오늘 수정샘플링을 보내드렸습니다.

요청 수정내용은 아래와 같습니다.
유분감,윤기가 부족한거 같습니다.
(타겟제품은: 유분감이 있어>> 촉촉해 보입니다.)
>시어버터를 더 추가해서 유분감을 올리면 어떨까 싶습니다. 
 *향이(조금) 있으면 좋을거 같습니다.  (일랑일랑향으로은은하게.)
>발림성 부드러움 

 다만, 이후  6월 21일부터 샘플링이 진행되는 과정 중 추가로 주셨던 수정요청은 타이밍상 적용이 어렵습니다.

개발은 한번 착수되면 중간에 중단이 어렵고, 이미 반영된 수정사항 기준으로 진행되어야 하기 때문에 부득이하게 6월 21일부터 주신 추가사항은 반영되지 못한 점 양해 부탁드립니다.

우선 이번에 보내드린 제형을 테스트해보시고, 혹시 마음에 드시지 않거나 추가적으로 조정이 필요하다고 느끼신다면 그에 맞춰 다시 재수정 작업으로 진행 도와드리겠습니다."
2025-06-24 18:23:46,"황여진","그렇다면..  
타이밍상 적용이 어렵다고 얘기해 주셔야하지 않나요...
이해 못하는 것도 아닌데요..
타겟제품 보내달라고 어제 톡 주셔서.. 오늘 배송도착했는데 ..
아무  얘기도 없이 수정샘플링  보낸다는게 .. 
마음이 좀 안 좋습니다."
2025-06-24 18:32:03,"황여진","타이밍상 적용이 어려운걸 이해하는 입장으로서.. 더 이상 얘기는 삼가하겠습니다 
수정 샘플링  잘 받겠습니다."
2025-06-24 18:52:51,"미진실장님","말씀 주신 부분에 대해 깊이 공감하며 죄송한 마음입니다.
수정샘플링을 보내드리기 전, 타이밍상 적용이 어렵다는 점을 
먼저 말씀드렸어야 했는데, 그 소통이 부족했던 점 
정말 죄송하게 생각합니다.

6월 21일부터 주셨던 추가 요청 내용은 
개발이 이미 착수된 상태였기 때문에 
중간 반영이 어려운 상황이었고,
그 점을 내부적으로 인지하고 있었음에도 
대표님께 충분히 공유드리지 못했습니다.

앞으로는 사전에 더 꼼꼼히 공유드릴 수 있도록 개선하겠습니다!

수정 샘플링 받아보시고 추가적으로 수정 내용이 있으시면
이후 다시 개선하는 방향으로 가시는게 좋을것 같습니다! "
2025-06-24 18:55:52,"깡회장님","아! 대표님 오늘 보내드린것 그전에 이미 개발진행하고 있던거라서 보시면 좋을꺼같아서 보내드린거구요! 타겟제품은 오늘 받았습니다. 이건 내일 연구팀이랑 상의후 개발관련내용 말씀 드리려고 합니다:) "
2025-06-24 19:29:57,"황여진","네 알겠습니다 
충분히 이해 했습니다.
답변 감사합니다!"
2025-06-24 19:34:16,"황여진","아.. 네!
순차가 있었던 거였네요...
번거로움에도..
제 생각을 반영해  주셔서 너무 감사합니다  💕 "
2025-06-24 19:49:28,"깡회장님","아닙니다! 내용을 보니 아무래도 오인하신거같아서 말씀드렸습니다:) 내일 연구팀이랑 상의후 말씀드릴께요:) "
2025-06-24 21:54:12,"황여진","네  알겠습니다:)"
2025-06-25 10:26:51,"깡회장님","삭제된 메시지입니다."
2025-06-25 10:27:28,"깡회장님","삭제된 메시지입니다."
2025-06-25 11:01:57,"깡회장님","통화 완료! 샘플링 테스트후 피드백 받기로했습니다~!"
2025-07-02 15:50:23,"황여진","대표님 안녕하세요 ~ 💕 
수정 샘플링 - 일랑일랑향이 (달달한 향이 진해서) 생각보다 금방 질립니다.  혹시.. 
 2번째 보낸 타겟제품 향으로 할 수 없을까요? 아니면 ..
산듯한 향 추천 부탁드려도 될까요?

**향 수정완료 후 제품 출시할 예정입니다.
**수정 샘플링은 만족합니다:)
"
2025-07-02 15:57:05,"황여진","삭제된 메시지입니다."
2025-07-02 15:57:30,"황여진","1)일랑일랑 향을 더 줄인다.
2)2번째 보낸 타겟제품 향으로    가능하다.
3)많이 쓰는 산듯한 향 추천. 
 혹시.. 가능한 사항이 될지 몰라서 정리 했습니다."
2025-07-02 16:16:12,"미진실장님","삭제된 메시지입니다."
2025-07-02 16:16:36,"미진실장님","현재 사용된 일랑일랑 향은 개인마다 취향 차이는 있지만 많이 사용하는 안정적인 향 입니다!
제가 맡아본 결과, 과하지 않고 은은하게 퍼지는 느낌이라 질리지 않고 소비자분들이 비교적 선호할 수 있는 향이라고 생각됩니다!
다만, 향은 아무래도 대표님의 의사결정이 중요하기 때문에 저희가 추천드리는것보다 대표님께서 선호하시는 방향으로 선택해주는것이 가장 좋습니다! 

추천드리는 방향은 지금 향으로 출시하시고 이후 실제 소비자 피드백을 통해 2차 생산시 리뉴얼 하는 방법이 가장 좋습니다."
2025-07-02 16:26:17,"황여진","네
대표님. 그렇다면 향 농도를 적게해서 출시하고 싶은데.. 이렇게는 괜찮을까요?"
2025-07-02 17:21:51,"미진실장님","향 농도를 줄이는거 가능해요! 향은 대표님이 선택해주시면 됩니다!"
2025-07-02 17:42:30,"황여진","네~ 대표님
일랑일랑 향 농도를 지금 보다 
줄여서 출시하겠습니다.
"
2025-07-02 17:45:39,"미진실장님","네 대표님 ! 그럼 샘플링 다시 들어가겠습니다! "
2025-07-02 17:48:05,"황여진","네네~  감사합니다:)"
2025-07-02 17:48:15,"미진실장님","향이 진하다고 하여 은은하게 수정 해드리도록 하겠습니다!"
2025-07-02 18:42:46,"황여진","네 💕 "
2025-07-03 16:43:51,"황여진","대표님 ~
번거로움을 드리는거 같아 송구한 마음이 듭니다. ;;
""병풀 추출물 성분 추가 부탁드립니다.""
여러 타겟을 유도하려면 대중성이 있는 성분을 1개라도 더 넣어야 할거  같아서요. 
처음이다 보니 양해 바랍니다. 
"
2025-07-03 16:50:26,"황여진","삭제된 메시지입니다."
2025-07-03 16:51:16,"황여진","막바지에 생각이 많아집니다.
저만 그런가요?
잘 해보고 싶은 마음에 .. 
앞은 보이지 않고.. 
제가 번복해서 힘드실 까봐 .. 마음이 무겁고.. ;; 
너그러히 이해해 주시면 감사하겠습니다. "
2025-07-03 16:55:23,"미진실장님","황여진 안티에이징크림( 2025.06.18샘플) 

병풀잎수, 부틸렌글라이콜, 카프릴릭/카프릭트라이글리세라이드, 글리세린, 1,2-헥산다이올, 나이아신아마이드, 다이메티콘, 세테아릴알코올, 하이드로제네이티드폴리(C6-14올레핀), 솔비탄스테아레이트, 시어버터, 토코페롤, 판테놀, 알란토인, 다이포타슘글리시리제이트, 아데노신, 소듐하이알루로네이트, 바오밥나무열매추출물, 글루타티온, 리보플라빈, 폴릭애씨드, 메나다이온, 바이오틴, 사이아노코발아민, 아스코빅애씨드, 바이오플라보노이드, 티아민에이치씨엘, 피리독신, 에스에이치-올리고펩타이드-1, 에스에이치-올리고펩타이드-2, 에스에이치-폴리펩타이드-1, 에스에이치-폴리펩타이드-22, 에스에이치-폴리펩타이드-3, 팔미틱애씨드, 폴리솔베이트60, 스테아릭애씨드, 정제수, 솔비탄세스퀴올리에이트, 트로메타민, 카보머, 소듐폴리아크릴레이트, 에틸헥실글리세린, 다이소듐이디티에이, 향료"
2025-07-03 16:55:37,"미진실장님","대표님 전성분표 입니다. 병풀추출물 추가해서 진행하도록 하겠습니다! "
2025-07-03 16:56:29,"황여진","네 알겠습니다 "
2025-07-03 17:24:36,"황여진","미진대표님 통화 가능하세요?"
2025-07-03 17:25:13,"미진실장님","제가 전화 드릴게요! "
2025-07-03 17:25:22,"황여진","네"
2025-07-03 18:32:38,"황여진","대표님 
지금 (6/18샘플) 유분감이 좋은데..  
*달맞이꽃오일 추가로 더 넣으면 유분감이 많지 않을까요?  아니면..
*시어버터오일+ 달맞이꽃오일  비율 배합을 적절히 하여.. >>6/18샘플처럼 유분감은 유지해 주는건가요?"
2025-07-03 18:50:02,"황여진","대표님 
시어버터만으로도 유분이 충분한거 같은데..
*달맞이꽃오일을 추가하면 피부에 더 도움이 될까요?
굳이 성분 추가 안해도 될까요?
아니면
* 피부에 어느 정도는 효능도 있고, 마케팅효과도 고려해 볼땐.. 
달맞이꽃오일 추가하는게 좋겠죠!"
2025-07-03 19:18:53,"미진실장님","달맞이꽃오일 추가해도 유분차이 없으세요! ㅎㅎ 달맞이꽃추가하셔도 됩니다!"
2025-07-03 19:22:58,"황여진","네 알겠습니다 "
2025-07-03 19:33:45,"황여진","연구원분들이 ..
시어버터 오일과 달맞이꽃오일 배합을 잘 맞춰줘서 유분차이가 없다는 말씀이신 거죠?!"
2025-07-03 20:29:48,"미진실장님","네 맞아요..! 달맞이꽃오일 함량 을 높이지 않은이상 유분감 큰 차이 없어요 대표님!"
2025-07-03 21:01:38,"황여진","네! 알겠습니다 "
2025-07-12 16:11:46,"황여진","대표님 안녕하세요 
2강. 줌 피드백 강의 ppt 링크가 없는거 같습니다.
공유 부탁드립니다:)"
2025-07-13 21:07:12,"깡회장님","2주차 줌 피드백 강의 ppt 링크 ▼▼

https://www.canva.com/design/DAGiQTr_gKc/Gybr_9h2YybsGhM09IJPAA/edit?utm_content=DAGiQTr_gKc&utm_campaign=designshare&utm_medium=link2&utm_source=sharebutton"
2025-07-13 21:07:34,"깡회장님","네, 대표님 단톡방에 있는데 못 찾으신 것 같아요:)또 필요하신거 있으시면 말씀해 주세요:)"
2025-07-13 21:08:29,"황여진","아.. 네!!
감사합니다:)"
2025-07-13 21:09:05,"깡회장님","네:)대표님 편안한 밤 되세요:)"
2025-07-17 16:11:43,"미진실장님","안녕하세요 대표님! 샘플링이 완료 되었습니다! 
금일 기존주소로 보내 드릴 예정이며 받아보신 후 사용감 말씀 부탁 드려용!!ㅎㅎ"
2025-07-17 21:16:36,"황여진","네!  감사합니다 :)"
2025-07-22 11:47:59,"황여진","대표님 안녕하세요 :)
샘플링 테스트 확정 하려고 합니다.
전성분표 부탁드립니다."
2025-07-22 15:26:00,"미진실장님","네 대표님! 전성분표 전달 받는대로 공유 드리겠습니다. "
2025-07-22 15:26:07,"미진실장님","전성분표 보시고 여부 다시 체크할게용!!"
2025-07-22 15:45:58,"황여진","네 알겠습니다 "
2025-07-22 16:17:42,"미진실장님","안티에이징크림_(2025.07.11)
병풀잎수, 부틸렌글라이콜, 카프릴릭/카프릭트라이글리세라이드, 글리세린, 1,2-헥산다이올, 나이아신아마이드, 다이메티콘, 세테아릴알코올, 하이드로제네이티드폴리(C6-14올레핀), 솔비탄스테아레이트, 시어버터, 토코페롤, 판테놀, 알란토인, 다이포타슘글리시리제이트, 아데노신, 소듐하이알루로네이트, 바오밥나무열매추출물, 글루타티온, 리보플라빈, 폴릭애씨드, 메나다이온, 바이오틴, 사이아노코발아민, 아스코빅애씨드, 바이오플라보노이드, 티아민에이치씨엘, 피리독신, 에스에이치-올리고펩타이드-1, 에스에이치-올리고펩타이드-2, 에스에이치-폴리펩타이드-1, 에스에이치-폴리펩타이드-22, 에스에이치-폴리펩타이드-3, 팔미틱애씨드, 폴리솔베이트60, 스테아릭애씨드, 정제수, 솔비탄세스퀴올리에이트, 병풀추출물, 달맞이꽃오일, 트로메타민, 카보머, 소듐폴리아크릴레이트, 에틸헥실글리세린, 다이소듐이디티에이, 향료"
2025-07-22 16:17:47,"미진실장님","대표님 전성분표 전달 드립니다~!"
2025-07-22 17:54:36,"황여진","네 확인했습니다:)"
2025-07-23 12:48:55,"황여진","대표님 안녕하세요:) 
샘플 확정하겠습니다.
대표님 다음 순서가 용기 테스트인가요?"
2025-07-23 15:52:52,"미진실장님","네 대표님! 
확정에 따라서 용기테스트 들어갑니다.
보내주셨던 용기로 용기테스트 들어갈게요! 
또한 확정에 따라서 문안과 견적서를 전달 드리려고 합니다.
확정된 브랜드명,제품명 공유 부탁 드리며 용기사이트 링크(전체규격사이즈 체크하기 위함) 확인 부탁 드릴게요! "
2025-07-23 21:15:53,"황여진","네 알겠습니다 "
2025-07-24 10:08:49,"미진실장님","사진"
2025-07-24 10:09:03,"미진실장님","대표님~ 이전에 보내주셨던 이용기로 용기 테스트 들어갈게용! "
2025-07-24 11:16:06,"황여진","네 알겠습니다 "
2025-07-28 12:07:51,"황여진","용기가 필요할때! 럭스팩!
 - https://naver.me/Ftl6B2IU"
2025-07-28 12:08:59,"황여진","사진"
2025-07-28 12:09:01,"황여진","삭제된 메시지입니다."
2025-07-28 12:09:35,"황여진","브랜드명: 스킨터치"
2025-07-28 13:08:39,"황여진","제품명: 셀티브 안티에이징"
2025-07-28 14:22:22,"미진실장님","대표님~ 럭스팩 메인화면 말고 용기 화면으로 링크 다시 재전달 부탁 드릴게용!ㅎㅎㅎ"
2025-07-28 18:10:28,"황여진","럭스팩
 - https://naver.me/GABEbuz7"
2025-07-28 18:18:13,"황여진","삭제된 메시지입니다."
2025-07-28 18:19:02,"황여진","이모티콘"
2025-07-28 18:19:27,"황여진","https://m.luxepackkorea.com/product/%EC%95%84%ED%81%AC%EB%A6%B4-c50g-%EB%B0%B1%ED%8E%84%ED%81%AC%EB%A6%BC%EB%B0%B1%ED%8E%84-%EC%8B%A4%EB%B2%84%EB%9D%BC%EC%9D%B8%EC%BA%A1pe-%EB%A6%AC%EB%93%9C/235/category/660/display/1/"
2025-07-28 19:40:53,"미진실장님","50g 확인하였습니다! ㅎㅎ"
2025-07-28 20:25:17,"황여진","네 알겠습니다 "
2025-07-29 11:40:51,"미진실장님","파일: 황여진대표님_문안.xlsx"
2025-07-29 11:40:54,"미진실장님","파일: 황여진대표님_견적서.pdf"
2025-07-29 11:40:58,"미진실장님","파일: 8809981031025.eps"
2025-07-29 11:41:35,"미진실장님","대표님~문안,바코드/견적서 전달 드립니다. 문안은 라벨지,단상자에 들어가야 할 필수항목으로 보시면서 디자인 작업 해주시면 됩니다(바코드포함). 디자인 작업 후 바로 인쇄 하지마시고 꼭! 저희쪽으로 문안체크 받으신 다음에 인쇄 하셔야 됩니다! (문안체크시 오타 및 광고법위반문구 체크해드려요. 다만, 오타는 대표님께서도 꼭 확인해주셔야 합니다!) 

 "
2025-07-29 16:21:01,"황여진","네 알겠습니다 "
2025-07-30 13:16:45,"황여진","대표님 3번째 파일을 열 수있는 앱이 없다고..  뜨는데요. ?
확인바랍니다 :)   ;;"
2025-07-30 13:27:30,"미진실장님","3번쨰 파일은 바코드 eps 파일입니다. 
일러스트를 깔아야 열리는 파일이에용!"
2025-07-30 13:27:58,"황여진","네네! 알겠습니다:)"
2025-07-31 13:18:08,"황여진","대표님 안녕하세요
휴가 중이신데..  💕 
답변은 휴가 다음에 주셔도 됩니다. :)
견적서 
4,600원*300=1,380,000원
부가세포함1,518,000원
(50%)해서 759,000원을 먼저 이체하면 되는거죠~
"
2025-07-31 22:34:38,"깡회장님","네 맞습니다, 대표님:)어차피 저희가 생산 완료 후 마감 내역서 다시 보내 드립니다:)또한 50% 입금해 주시면 됩니다:)"
2025-08-01 10:41:33,"황여진","네 알겠습니다:)"
2025-08-01 11:01:34,"깡회장님","네:)대표님:)"
2025-08-01 12:26:04,"황여진","네~ 입금했습니다. :)"
2025-08-14 14:25:22,"미진실장님","삭제된 메시지입니다."
2025-08-14 14:26:33,"미진실장님","안녕하세요 대표님! 
용기테스트가 완료 되었습니다! 적합판정으로 나왔습니다!
내용물을 담은 용기1개를 보내 드릴 예정입니다.
14일은 택배없는날로 인하여 샘플링은 18일(월)에 보내 드리겠습니다!ㅎㅎ"
2025-08-14 15:24:21,"황여진","네 알겠습니다 :)"
2025-08-20 15:46:39,"황여진","대표님 안녕하세요 :)
단상자 디자인 작업중에 있습니다.
문안표에 고객센터 전화번가 없는데..  전화번호는 없는건가요?"
2025-08-20 15:47:59,"미진실장님","대표님~ 고객센터는 대표님의 브랜드 고객센터 번호 넣으셔야 합니다!ㅎㅎ "
2025-08-20 15:49:29,"황여진","그럼 .. 안심번호를 넣아 하는 건가요?"
2025-08-20 15:50:55,"황여진","대표님 어떻게 만드는 건가요?"
2025-08-20 15:50:57,"미진실장님","아톡 어플 활용하셔서 "
2025-08-20 15:51:13,"미진실장님","번호 1개 고객센터 번호로 생성하시면 되세요!"
2025-08-20 15:51:37,"미진실장님","보통 첫 초기브랜드는 대표자 핸드폰번호로 하는경우가 많은데"
2025-08-20 15:52:16,"미진실장님","핸드폰번호보다는 아톡으로 070번호로 시작되는 번호 생성하셔서 고객센터 번호로 활용하시면 소비자분들에게 더 신뢰가 높아져서 좋습니다!ㅎㅎ"
2025-08-20 15:53:13,"황여진","아톡!! 네 알겠습니다.
감사합니다 :)"
2025-08-20 16:21:23,"미진실장님","넵 대표님! ㅎㅎ "
2025-08-24 11:55:29,"황여진","대표님  안녕하세요:) 💕 
타이탄 온라인 강의가 28일 곧 종료되는데..  줌 피드백 강의는 계속 열어 주시는 건가요? "
2025-08-24 17:49:42,"깡회장님","대표님:)안녕하세요:) 온라인강의는 6개월이 지나면 마감되며,줌피드백은 1년정도는 열어두려고합니다:)"
2025-08-24 17:51:12,"황여진","네 알겠습니다 :)
감사합니다 ^♡^"
2025-08-24 17:55:17,"깡회장님","네:)대표님:) 디자인완료되면 곧 출시네요:) 제조되면 마케팅부분 한번 봐드리도록 하겠습니다:)"
2025-08-24 17:57:56,"황여진","네네 ㅎㅎ 감사합니다:) "
2025-08-24 17:58:32,"깡회장님","네:) 대표님:) 편안한주말 되세요:)"
2025-08-24 18:08:09,"황여진","네 대표님 ^^
편안한 저녁시간 되세요:)"
2025-09-01 16:54:17,"황여진","파일: 스킨터치 단상자 라벨-수정1차.pdf"
2025-09-01 16:57:38,"황여진","대표님 안녕하세요 
단상자(문안) 나왔습니다. :)
문안체크 확인바랍니다 "
2025-09-01 17:32:42,"깡회장님","오! 대표님! 확인했습니다! 문안 확인후 말씀드리도록 하겠습니다! 다만 문안의 경우 3명이 공동작업을 하는 업무다보니 하루이틀정도 소요될수 있습니다:) "
2025-09-01 17:32:47,"깡회장님","@미진실장님 확인해주세요!"
2025-09-01 17:34:48,"미진실장님","안녕하세요 대표님! 순차적으로 문안체크를 하고 있어서 내일까지 공유 드릴 수 있을것 같습니다! 체크후 공유 드릴게용! 양해 부탁 드립니다! "
2025-09-01 18:08:56,"황여진","네 알겠습니다:)"
2025-09-02 10:00:02,"미진실장님","스킨터치 셀티브 콜라겐크림
라벨지)
*전성분에 콜라겐이 없어서 “콜라겐 크림”이라는 제품명은 불가>제품명 변경
단상자)
*전성분에 콜라겐이 없어서 “콜라겐 크림”이라는 제품명은 불가>제품명 변경
-효능효과&용법용량 표기추가
효능효과  : 피부의 미백에 도움을 준다. 피부의 주름개선에 도음을 준다. 
용법용량 : 본품 적당량을 취해 피부에 골고루 펴 바른다.
"
2025-09-02 10:00:35,"미진실장님","대표님 수정내용 전달 드립니다! 제품명 변경해주셔야 해요! 콜라겐성분이 함유되어 있지 않아요~!"
2025-09-02 11:35:31,"황여진","대표님 콜라겐 성분을 추가해서 출시하는건 .. 어떨까요?
조금더 기다리더라도 '콜라겐'명을 쓰고 싶습은데요.. 아니면
굳이 그럴 필요 없을까요?
"
2025-09-02 13:20:41,"미진실장님","대표님~ 콜라겐이라는 말을 쓰고 싶으시면 성분 추가해서 다시 진행하시는것을 추천 드려요! 다만 출시일정이 다소 딜레이될 수 있다는점만 참고해주시면 좋을것 같습니다ㅠㅠ! "
2025-09-02 17:33:00,"황여진","대표님 2주정도 지연 예상하면 될까요? ;;"
2025-09-02 17:36:10,"미진실장님","네 2주+@정도 생각해주셔야 해용 ㅠㅠ
최대한 빠르게 진행해볼게요! "
2025-09-02 17:55:25,"황여진","네!! 대표님 진행해주세요 ~"
2025-09-02 18:05:15,"미진실장님","네 대표님 진행할게용! "
2025-09-02 18:10:47,"황여진","네 알겠습니다.
감사합니다 :) ;;"
2025-09-04 12:03:58,"황여진","대표님 안녕하세요:)
샘플링>>콜라겐 성분 추가진행 들어갔는데.. 
히알루론산, 스쿠알렌, 비타민씨 추출물도 추가 부탁드리고 싶습니다."
2025-09-04 12:11:46,"황여진","대표님  
제품 성분이- 비건성분으로 이루어져 있나요?"
2025-09-04 13:36:30,"미진실장님","대표님! 콜라겐은 비건이 아니에요!ㅎㅎ
현 샘플링 기준으로 비건 확인해드릴게용!ㅎㅎ "
2025-09-04 15:04:43,"미진실장님","대표님 통화 가능하실까요?"
2025-09-04 16:09:03,"황여진","대표님 지금 통화 가능합니다."
2025-09-04 16:13:18,"미진실장님","대표님 정리 드립니다.
기존대로 콜라겐성분 추가 가시고
히알루론산,스쿠알렌,비타민C성분 넣어서 진행할게용! "
2025-09-04 16:22:42,"황여진","네 알겠습니다:)"
2025-09-10 11:12:03,"미진실장님","안녕하세요 대표님! ㅎㅎ 최종샘플링이 안료 되었습니다! ㅎㅎ 
금일 기존 주소로 보내 드리도록 하겠습니다! 받아보시고 사용감 확인 해주세용!ㅎㅎ "
2025-09-10 11:42:47,"황여진","네 ~ 알겠습니다 :) "
2025-09-13 14:33:37,"황여진","삭제된 메시지입니다."
2025-09-13 14:39:06,"황여진","삭제된 메시지입니다."
2025-09-13 14:43:01,"황여진","삭제된 메시지입니다."
2025-09-13 15:05:41,"황여진","사진"
2025-09-13 15:10:28,"황여진","대표님 ..
콜라겐 영양크림으로 (기존 성분 + 콜라겐, 히알루론산, 스쿠알렌, 비타민씨 추가)샘플링 수정 들어갔는데.. ->> 안티에이징으로 라벨이 찍혀왔습니다. 라벨수정이 안된  걸까요? 확인 바랍니다."
2025-09-15 09:49:15,"깡회장님","오! 대표님! 주말이 껴있어서 답변이 늦었습니다! 첫 샘플링이름대로 작성해서 보내는거라 아마 그대로 붙여서 보낸듯합니다:) 수정된 내용으로 개발은 했을텐데 확인해서 말씀드리도록 하겠습니다:) "
2025-09-15 09:49:19,"깡회장님","@미진실장님 확인해주세요!"
2025-09-15 09:49:53,"황여진","네 알겠습니다."
2025-09-15 09:55:00,"황여진","대표님 :)
샘플링 확정하겠습니다. 
용기, 단상자 보내면  될까요?"
2025-09-15 10:08:32,"미진실장님","안녕하세요 대표님! 라벨은 첫 발주진행시의 이름으로 작성해서 보내는거라서 크게 신경쓰지 않으셔도 됩니다! 요청주셨던 내용을 기반으로 수정샘플링 들어갔습니다!ㅎㅎ"
2025-09-15 10:12:14,"미진실장님","전성분이 바뀌어서 전성분 다시 전달 드릴 예정이며, 단상자/라벨지 또한 다시 디자인하셔서 문안체크 받아주시길 바랍니다! 

"
2025-09-15 10:28:46,"미진실장님","용기테스트는 제형상 크게 바뀌지 않아서 다시 별도로 안들어가도 될것으로 판단되어 용기테스트는 추가진행 안해도 됩니다~!"
2025-09-15 11:33:11,"황여진","네 알겠습니다. :) "
2025-09-15 14:18:15,"황여진","대표님 바뀐  전성분표 부탁드립니다."
2025-09-15 14:18:44,"미진실장님","네 대표님! 전성분은 수기작업으로 인하여 시간이 조금 소요 됩니다. 확인되는대로 바로 공유 드릴게용!ㅠㅠ 조금만 양해 부탁 드리겠습니다!"
2025-09-15 14:23:52,"황여진","네 알겠습니다 
대표님~ 추석 전까지..  3PL입고 완료하고 싶습니다.:)  
잘 부탁드립니다.  🙏    그리고.. 
💕 빠른 샘플링 진행 감사합니다. 👍 "
2025-09-15 16:09:22,"미진실장님","파일: 발주서 양식.xlsx"
2025-09-15 16:09:58,"미진실장님","대표님! 추석전까지는 시간관계상 힘들어요! 발주서양식 전달 드립니다. 발주서 양식에 맞춰서 보내주시길 바랍니다! "
2025-09-15 16:10:22,"미진실장님","발주서를 보내주신 시점으로부터 완제품생산까지 4주정도 소요 됩니다!"
2025-09-15 16:10:35,"미진실장님","사진"
2025-09-15 16:10:54,"미진실장님","내용 확인 부탁 드리겠습니다!"
2025-09-15 16:42:11,"미진실장님","( 샘플 25.09.05)
병풀잎수, 부틸렌글라이콜, 카프릴릭/카프릭트라이글리세라이드, 글리세린, 1,2-헥산다이올, 나이아신아마이드, 다이메티콘, 하이드로제네이티드폴리(C6-14올레핀), 세테아릴알코올, 솔비탄스테아레이트, 하이드롤라이즈드콜라겐(10,000ppm), 시어버터, 토코페롤, 판테놀, 알란토인, 스쿠알란, 다이포타슘글리시리제이트, 아데노신, 소듐하이알루로네이트, 바오밥나무열매추출물, 글루타티온, 리보플라빈, 폴릭애씨드, 메나다이온, 바이오틴, 사이아노코발아민, 아스코빅애씨드, 바이오플라보노이드, 피리독신, 티아민에이치씨엘, 에스에이치-폴리펩타이드-3, 에스에이치-폴리펩타이드-22, 에스에이치-폴리펩타이드-1, 에스에이치-올리고펩타이드-2, 에스에이치-올리고펩타이드-1, 달맞이꽃오일, 병풀추출물, 팔미틱애씨드, 폴리솔베이트60, 스테아릭애씨드, 정제수, 솔비탄세스퀴올리에이트, 트로메타민, 카보머, 소듐폴리아크릴레이트, 에틸헥실글리세린, 다이소듐이디티에이, 향료"
2025-09-15 16:42:31,"미진실장님","대표님 전성분 전달 드립니다~!"
2025-09-15 16:46:29,"황여진","네!!  알겠습니다 "
2025-09-15 16:46:38,"미진실장님","문안은 변경해서 다시 전달 드릴게요! ㅎㅎ"
2025-09-15 16:46:56,"황여진","네 알겠습니다. :)"
2025-09-15 16:49:52,"황여진","대표님 ~
제가 잘 몰라서요 
비타민씨 성분 이름이 뭐예요 👀 "
2025-09-15 16:52:54,"황여진","이모티콘"
2025-09-15 18:59:31,"황여진","대표님  비타민씨 찾았습니다.  "
2025-09-15 20:16:38,"미진실장님","앗 대표님!
제가 답변을 늦게 드리네요!
아스코빅애씨드가 비타민c입니다!
"
2025-09-15 20:58:53,"황여진","네네 ㅎㅎ "
2025-09-16 16:55:20,"황여진","대표님~   문안표 변경 작성 부탁드립니다.  "
2025-09-16 17:38:19,"미진실장님","파일: 황여진대표님_문안.xlsx"
2025-09-16 17:38:25,"미진실장님","대표님 변경된 문안 전달 드립니다~!ㅎㅎ"
2025-09-16 17:39:33,"미진실장님","파일: 황여진대표님_견적서.pdf"
2025-09-16 17:40:06,"미진실장님","성분추가로 인하여 견적 또한 변동되어 견적서도 다시 전달 드립니다!"
2025-09-16 17:48:08,"황여진","네 알겠습니다:)"
2025-09-16 18:32:43,"미진실장님","넵 대표님!"
2025-09-17 14:49:05,"황여진","사진"
2025-09-17 14:52:47,"미진실장님","대표님! 보내주신 이미지는 글자가 깨져서 보이네요! 확인 부탁 드립니다~!"
2025-09-17 14:52:49,"황여진","대표님 안녕하세요 
효능효과 용법용량 표시 ..
위에 표시되어 있는데..
다시  다른 쪽에 표시해야 되는건가요?"
2025-09-17 14:54:10,"황여진","9/1일 월요일에 보냈던 문안표입니다."
2025-09-17 14:59:42,"황여진","대표님
효능효과& 용법용량  추가.. or 정정할 필요 없을까요?"
2025-09-17 15:02:40,"미진실장님","대표님 통화 가능하실까요~?"
2025-09-17 15:02:57,"황여진","네 
지금 가능합니다 "
2025-09-17 15:04:19,"미진실장님","스킨터치 셀티브 콜라겐크림
라벨지)
*전성분에 콜라겐이 없어서 “콜라겐 크림”이라는 제품명은 불가>제품명 변경
단상자)
*전성분에 콜라겐이 없어서 “콜라겐 크림”이라는 제품명은 불가>제품명 변경
-효능효과&용법용량 표기추가
효능효과  : 피부의 미백에 도움을 준다. 피부의 주름개선에 도음을 준다. 
용법용량 : 본품 적당량을 취해 피부에 골고루 펴 바른다.
"
2025-09-17 15:57:09,"황여진","삭제된 메시지입니다."
2025-09-17 15:59:48,"황여진","삭제된 메시지입니다."
2025-09-17 16:01:52,"황여진","삭제된 메시지입니다."
2025-09-17 16:02:44,"황여진","삭제된 메시지입니다."
2025-09-17 16:03:40,"황여진","대표님 :)
500개 발주 넣고 싶은데요 ..

마케팅 (블로그,카페,지식인,리뷰..)을 어떻게 하느냐.. 어디서 터지느냐.. 얼마나 열심히 하느냐에 따라  
매출이 달라지는게 ...
당연한건 알겠지만..
그래도 마케팅 초보 수강생분들 중.. [콜라겐 크림]판매 이력을   볼때.. 평균 하루 몇 개가 판매되고 있을까요?
500개하면  2달 이면 완판 가능할까요? 대략 판매율 '감'을 잡고 싶어서요 ~  * ;;"
2025-09-17 16:05:32,"황여진","난해한 질문일까요~  :)  ;;"
2025-09-17 17:26:00,"깡회장님","음,, 500개면 늦어도 3달안에는 판매가 되긴할텐데 마케팅활동에 따라 짧아질수도 늦어질수도 있겠죠..? ㅎㅎ"
2025-09-17 20:22:19,"황여진","네네~   알겠습니다:) "
2025-09-18 17:40:10,"황여진","파일: 스킨터치 단상자 라벨-수정2차.pdf"
2025-09-18 17:40:45,"황여진","대표님  단상자 라벨 수정안 보내드립니다 :)"
2025-09-19 15:06:33,"미진실장님","*스킨터치 셀티브 콜라겐 크림
라벨지, 단상자) 이상없습니다! "
2025-09-19 15:07:10,"미진실장님","인쇄해주셔도 됩니다! 대표님~ 발주서양식 맞춰서 보내주세용! 발주서 보내주셔야 완제품생산에 필요한 원료생산 들어갑니다!!!!!"
2025-09-19 16:08:52,"황여진","네 알겠습니다:)"
2025-09-19 16:13:09,"황여진","대표님 .. 
곧 출시 시기가 가을이라서..
달맞이꽃오일  함량을 조금 올려 주셨으면 합니다. 가능할까요?"
2025-09-19 16:19:59,"미진실장님","대표님 통화 가능하실까요?"
2025-09-19 16:33:35,"황여진","네 가능합니다 "
2025-09-19 16:34:59,"황여진","대표님 지금 통화 가능합니다."
2025-09-19 17:10:20,"황여진","대표님.. 피드백 감사합니다. 
잘 알겠습니다:)"
2025-09-22 10:37:41,"황여진","대표님 안녕하세요 
통화 가능하실까요?"
2025-09-22 10:41:01,"미진실장님","네 전화 드리겠습니다!"
2025-09-22 17:53:14,"미진실장님","대표님! 달맞이오일과 시어버터 함량을 올려서 오일감을 높일수 있다고 합니다!ㅎㅎ 진행해드릴게요! "
2025-09-22 17:56:24,"황여진","네 알겠습니다 
감사합니다 👍 "
2025-09-22 19:08:15,"황여진","삭제된 메시지입니다."
2025-09-22 19:09:12,"황여진","대표님 
1)달맞이꽃오일 30% +
시어버터 30% 인가요?= 합60% 아니면 ..
2)달맞이꽃오일 15% +
시어버터 15%= 합30% 일까요?"
2025-09-22 19:12:24,"깡회장님","아마 그렇게 높게는 세팅이 불가할텐데,,, 우선 오늘은 퇴근하셔서 내일 확인해서 말씀드리도록 하겠습니다:) @미진실장님 확인해주세요"
2025-09-22 20:00:26,"미진실장님","대표님 통화로 말씀드린것처럼 현샘플링에서 오일감 즉,오일리한느낌(사용감)을 30%정도 올린다는거에요!
함량이 올라가긴하지만 많이 안높여서 진행 됩니다!ㅎㅎ"
2025-09-22 20:04:11,"황여진","아!!! 잘 알겠습니다.  ^^;;"
2025-09-22 20:05:25,"황여진","삭제된 메시지입니다."
2025-09-22 20:06:57,"황여진","삭제된 메시지입니다."
2025-09-22 20:12:54,"황여진","삭제된 메시지입니다."
2025-09-22 20:27:38,"황여진","삭제된 메시지입니다."
2025-09-29 09:31:19,"황여진","대표님 안녕하세요 
샘플링 언제 받아 볼 수 있을까요,"
2025-09-29 10:09:51,"미진실장님","안녕하세요 대표님! 제형을 변경하는거라서 최대 3주정도 소요 됩니다~! 추석연휴가 있어서 추석연휴 지나고 셋째주쯤에 받아보실 수 있을것 같습니다!ㅠㅠ"
2025-09-29 10:56:58,"황여진","오일 함량을 높이는게 제형 변경인가요?  시간이 너무 오래 걸리네요.ㅠㅜ"
2025-09-29 11:04:14,"미진실장님","대표님건은 22일자로 들어가셔서 수정개발,안정화작업이라는 시간이 소요 됩니다! 최대 3주라는 기간동안 더 일찍 나올수도 있고, 기간에 맞춰서 나올수도 있는게 개발시간이라서 이점 양해해주시면 감사하겠습니다! 최대한 일찍 받아보실수 있도록 연구원님께 빠른요청 드릴게용! ㅠㅠ"
2025-09-29 11:05:31,"황여진","넵!! 감사합니다 :)  ;;"
2025-09-29 11:06:05,"미진실장님","넵 대표님! 샘플링 나오는대로 바로 공유 드릴게용! "
2025-09-29 11:27:06,"황여진","네 알겠습니다 "
2025-10-02 12:06:20,"황여진","삭제된 메시지입니다."
2025-10-02 12:07:27,"황여진","삭제된 메시지입니다."
2025-10-02 12:12:56,"황여진","대표님 안녕하세요 
*샘플링 확정하고 ->> 3PL 입고까지.. 얼마나 걸릴까요?
3주 정도 잡으면 될까요?
그리고..
*임상테스트 기간은 얼마나 걸릴까요?"
2025-10-02 14:03:09,"깡회장님","샘플링확정후 출고까지는 8주정도 예상하시면 되고,임상또한 8주정도 걸립니다:)제가 줌피드백은 아직 열어두었으니 1주차2주차 보시면 과정이해에 도움이 되실꺼예요!"
2025-10-02 14:19:54,"황여진","네 알겠습니다:)"
2025-10-02 14:27:57,"황여진","삭제된 메시지입니다."
2025-10-02 14:28:33,"황여진","대표님 한가지만 더 질문 드립니다.
출고하고>> 임상들어가나요?
아니면 ..  출고전..
임상 제품을 먼저 받아서  테스트할 수 있나요?"
2025-10-02 14:40:12,"황여진","삭제된 메시지입니다."
2025-10-02 14:40:58,"황여진","대표님
임상이 8주가 걸리면..  
일단 상세페이지에 자가 테스트만 올리고.. 
임상은 테스트 후  올려도 무관한거죠!!"
2025-10-02 14:43:33,"황여진","대표님 
재 발주 들어 갈때도 8주가 걸리나요? ..  ㅠㅜ"
2025-10-02 18:09:17,"깡회장님","아닙니다:)재발주는 모든 부자재입고후 최대 3주안에 출고됩니다:)"
2025-10-02 19:10:54,"황여진","네 알겠습니다 "
2025-10-02 20:55:26,"깡회장님","네:)대표님:) 풍성한 한가위되세요:)"
2025-10-03 07:37:24,"황여진","네:) 대표님:) "
2025-10-16 11:09:17,"황여진","깡대표님 안녕하세요 ^^
혹시 통화 가능하실까요?"
2025-10-16 13:30:07,"미진실장님","안녕하세요 대표님!
제가 전화 드려도 될까요~?! "
2025-10-16 13:31:39,"황여진","네 괜찮습니다 
지금 통화 가능합니다 "
2025-10-16 13:49:28,"미진실장님"," @조재훈 마케팅 관련하여 상담 요청 (전반적인 키워드 이해부터 잡아주세요)"
2025-10-16 16:03:41,"미진실장님","대표님! 수정샘플링 완료 되었다고 합니다! 내일 기존주소로 출고 도와 드릴게용!"
2025-10-16 16:45:20,"황여진","네 알겠습니다.:)"
2025-10-21 11:25:11,"황여진","대표님 안녕하세요:)
*샘플링 확정하겠습니다.

*마케팅 관련 코치님과 통화하고 싶습니다. 
*코치님.. 내일 11시 경 상담 가능하실까요?  
상담 부탁드립니다. 고맙습니다 :)"
2025-10-21 11:38:53,"깡회장님","대표님~! 확인해서 말씀드리도록 하겠습니다!  @조재훈 시간 괜찮으실까요?"
2025-10-21 13:57:27,"미진실장님","용기테스트는 이전에도 말씀 드렸듯이 적합판정을 받았기에 추가진행은 없습니다!  문안과 견적서는 다시 정리해서 전달 드릴게요!ㅎㅎㅎ 

 "
2025-10-21 14:42:57,"황여진","네 알겠습니다:)"
2025-10-21 14:44:02,"황여진","대표님 확정된 샘플 50ml 용기에 받을 수 있을까요? :)"
2025-10-21 14:46:49,"미진실장님","아무 샘플용기에 담아 드려도 되는걸까요?"
2025-10-21 14:53:05,"황여진","넵!! 괜찮습니다."
2025-10-22 11:16:36,"황여진","대표님 ~~
조재훈 코치진님 상담  부탁드립니다. "
2025-10-22 11:21:49,"황여진","삭제된 메시지입니다."
2025-10-22 11:22:07,"황여진","대표님 .. [11/15 오픈식 ]
혹시 미참석자를 위한 녹화본 영상 올려줄 수 있으실까요? "
2025-10-22 11:24:17,"미진실장님","안녕하세요 아쉽게도 이번 행사는 녹화본영상은 제공 되지 않습니다!ㅠㅠ"
2025-10-22 11:24:42,"황여진","네 알겠습니다 "
2025-10-22 11:25:54,"황여진","대표님 
코치진님과 마케팅 상담받고 싶습니다. 통화 연결 부탁드립니다."
2025-10-22 11:31:27,"미진실장님","네 대표님~전화 요청 드렸습니다!ㅎㅎ"
2025-10-22 11:31:53,"황여진","네 알겠습니다 :)"
2025-10-22 12:28:10,"조재훈","대표님.
마케팅 관련 상담요청해주셨는데,
내일 오전 10시 통화 괜찮으실까요?"
2025-10-22 12:30:16,"황여진","네!! 내일 10시 가능합니다."
2025-10-22 13:11:52,"조재훈","네, 대표님 내일 전화드리겠습니다~!!"
2025-10-22 15:25:08,"황여진","네 알겠습니다:)"
2025-10-23 10:01:28,"조재훈","대표님 3분후에 전화드릴께요~!"
2025-10-23 10:09:49,"조재훈","https://us06web.zoom.us/j/81618099076?pwd=Q5x1I4VjuaU9aobuDqQQSENTUwkNVx.1"
2025-10-23 17:33:39,"미진실장님","대표님 통화 가능하실까요~?"
2025-10-23 17:34:01,"황여진","네 가능합니다 "
2025-10-23 17:48:52,"미진실장님","통화완료~"
2025-10-23 17:48:56,"미진실장님","확인해서 말씀 드릴게용!"
2025-10-23 17:49:23,"황여진","네 알겠습니다:)"
2025-10-23 17:55:38,"황여진","마크 팀장님  오늘 상담 너무 감사했습니다. :)"
2025-10-24 14:44:31,"황여진","대표님
뮤신성분 아니더라도..
연어성분 등..
효과가 좋은 쫀쫀한 성분이면 됩니다. "
2025-10-24 14:50:45,"미진실장님","달팽이점액여과물하고 늘어나는 점증제성분 추가가능하다고 해요! ㅎㅎ "
2025-10-24 14:50:52,"미진실장님","추가해볼까요~?"
2025-10-24 15:50:16,"황여진","대표님  통화  가능하세요?"
2025-10-24 15:55:38,"황여진","네 알겠습니다:)"
2025-10-24 16:06:33,"미진실장님","정리 드립니다. 
콜라겐추가와 함께 달팽이크림처럼 쫀쫀함을 극대화하기 위해 점증제 추가하여 진행 해볼게용!"
2025-10-24 16:07:13,"황여진","네 알겠습니다. :)"
2025-10-24 16:28:51,"황여진","삭제된 메시지입니다."
2025-10-24 16:30:07,"황여진","삭제된 메시지입니다."
2025-10-24 16:33:15,"황여진","대표님!! 점증제는 잔탄검  또는  벤토나이트 추가 부탁드립니다.  🙏 "
2025-10-24 17:42:18,"미진실장님","대표님! 요청주신 점증제로는 쫀쫀함 안나오고 소듐폴리아크릴레이트 추가해야 됩니다~!"
2025-10-24 17:53:52,"황여진","아!! 네;;
쫀쫀한 점증제로 잘 부탁드립니다."
2025-10-24 18:37:34,"미진실장님","네 대표님~!ㅎㅎ"
2025-10-24 20:11:15,"황여진","삭제된 메시지입니다."
2025-10-24 20:18:10,"황여진","마크 팀장님 ~
마케팅 영상 부탁드립니다. :) "
2025-10-25 00:17:15,"조재훈","대표님 마케팅 영상 보내드립니다. 편안한밤 되세요

https://clear-gum-3eb.notion.site/10-25-296eab2e166780489daed67854336781?source=copy_link"
2025-10-25 09:36:56,"황여진","네 감사합니다:)"
2025-11-04 11:11:46,"황여진","대표님 안녕하세요. :)
샘플링 언제쯤 받을 수 있을까요?"
2025-11-04 11:20:32,"깡회장님","대표님 안녕하세요:) 확인해서 말씀드리도록 하겠습니다:) "
2025-11-04 11:20:38,"깡회장님","@미진실장님 확인해주세요!"
2025-11-04 12:06:48,"미진실장님","안녕하세요 대표님! ㅎㅎ 
안그래도 연락 드리려던 참이였어요! ㅎㅎ 대표님건 완료 되어서 오늘 출고 드리려고 합니다~! ㅎㅎ"
2025-11-04 13:36:08,"황여진","네 알겠습니다:)"
2025-11-05 11:45:10,"미진실장님","레드메디코스 황여진 안티에이징크림(25.11.03샘플)
병풀잎수, 부틸렌글라이콜, 글리세린, 카프릴릭/카프릭트라이글리세라이드, 1,2-헥산다이올, 달맞이꽃오일, 나이아신아마이드, 스쿠알란, 세테아릴알코올, 다이메티콘, 하이드롤라이즈드콜라겐, 솔비탄스테아레이트, 시어버터, 토코페롤, 판테놀, 알란토인, 다이포타슘글리시리제이트, 아데노신, 소듐하이알루로네이트, 병풀추출물, 바오밥나무열매추출물, 글루타티온, 폴릭애씨드, 리보플라빈, 메나다이온, 아스코빅애씨드, 사이아노코발아민, 바이오틴, 피리독신, 티아민에이치씨엘, 바이오플라보노이드, 에스에이치-폴리펩타이드-3, 에스에이치-폴리펩타이드-22, 에스에이치-폴리펩타이드-1, 에스에이치-올리고펩타이드-2, 에스에이치-올리고펩타이드-1, 팔미틱애씨드, 폴리솔베이트60, 스테아릭애씨드, 정제수, 솔비탄세스퀴올리에이트, 트로메타민, 카보머, 소듐폴리아크릴레이트, 에틸헥실글리세린, 다이소듐이디티에이, 향료

Centella Asiatica Leaf Water, Butylene Glycol, Glycerin, Caprylic/Capric Triglyceride, 1,2-Hexanediol, Oenothera Biennis (Evening Primrose) Oil, Niacinamide, Squalane, Cetearyl Alcohol, Dimethicone, Hydrolyzed Collagen, Sorbitan Stearate, Butyrospermum Parkii (Shea) Butter, Tocopherol, Panthenol, Allantoin, Dipotassium Glycyrrhizate, Adenosine, Sodium Hyaluronate, Centella Asiatica Extract, Adansonia Digitata Fruit Extract, Glutathione, Folic Acid, Riboflavin, Menadione, Ascorbic Acid, Cyanocobalamin, Biotin, Pyridoxine, Thiamine HCl, Bioflavonoids, sh-Polypeptide-3, sh-Polypeptide-22, sh-Polypeptide-1, sh-Oligopeptide-2, sh-Oligopeptide-1, Palmitic Acid, Polysorbate 60, Stearic Acid, Water, Sorbitan Sesquioleate, Tromethamine, Carbomer, Sodium Polyacrylate, Ethylhexylglycerin, Disodium EDTA, Fragrance"
2025-11-05 11:45:21,"미진실장님","전성분 먼저 공유 드립니다~! "
2025-11-07 13:10:22,"황여진","대표님 안녕하세요.
*대표님 이번 샘플링 향료가 빠졌습니다. ㅠㅜ
*점증제는 추가해 주신건가요? 아니면 .. 기존 점증제에서 함량을 높인 건가요? 쫀쫀함 보다 좀.. 촉촉해졌다라는 느낌이에요.
*저번 샘플링 요청때 오일 함량을 높여서 촉촉해진건지.. 점증제로 촉촉해 진건지 잘 모르겠어요.. 
확인 부탁드립니다. "
2025-11-07 13:32:28,"깡회장님","대표님 :) 안녕하세요:) 이부분 확인해서 말씀드리도록 하겠습니다:) @미진실장님 확인해주세요!"
2025-11-07 13:33:23,"황여진","예"
2025-11-07 14:39:09,"미진실장님","대표님 통화 가능하실까요?"
2025-11-07 14:40:24,"황여진","네 가능합니다 "
2025-11-08 11:23:12,"황여진","삭제된 메시지입니다."
2025-11-08 11:23:38,"황여진","삭제된 메시지입니다."
2025-11-11 10:02:53,"황여진","삭제된 메시지입니다."
2025-11-11 10:03:31,"황여진","대표님 안녕하세요:)
점증제 10~20% 추가 했는데요.
오일 함량도 10%~20% 정도 추가 부탁드립니다:) "
2025-11-11 11:17:19,"미진실장님","대표님! 최종 정리 드립니다. 
제형 조금만 더 무겁게 10이라고하면 2정도로만 (쫀쫀하게)
향 빠진거 추가하기
일랑일랑향 좀 더 줄이기 (기존에서 줄였는데 한번 더 줄이기> 은은하게 났으면 합니다)
오일함량 좀 더 높이기 > 겨울철이라서 좀 더 보습감이 있었으면 합니다! "
2025-11-11 11:23:31,"황여진","네!! 맞습니다.  "
2025-11-11 12:11:55,"미진실장님","ㄴ넵!ㅎㅎ"
2025-11-13 10:37:50,"황여진","사진"
2025-11-13 10:37:51,"황여진","대표님 안녕하세요 :)
여기회사 상표권 등록 비용이 적절한가요? 확인 부탁드립니다 🙏 "
2025-11-13 11:12:49,"황여진","대표님
1번) 3개 등록.
*브랜드명: 스킨터치
*고유어: 감탄크림
*상품명:'셀티브 콜라겐 크림'

2번) 2개 등록.
브랜드명: 스킨터치
제품명: '셀티브 콜라겐 감탄크림'

*고유어로 '감탄크림' 까지 보단..
*상품명으로 '셀티브 콜라겐 감탄크림' 으로만 할지.. 고민입니다.
1번) 2번) 중.. 선택 부탁드립니다💕 
대표님..
*나중에 고유어  '감탄크림'이 쓰임이 유용할까요?
*아니면 상표등록할때 마다
셀티브 *** ** 감탄크림으로 등록할까요?  
"
2025-11-13 11:30:20,"깡회장님","대표님 안녕하세요! 크게 비싸진 않네요! 여기 저렴한 편이라서 여기서 하셔도 괜찮으실꺼예요:) "
2025-11-13 11:32:13,"깡회장님","@조재훈 확인해주세요~!"
2025-11-13 11:34:00,"황여진","네 알겠습니다:)"
2025-11-13 11:43:07,"조재훈","대표님,
먼저, [스킨터치]와 [감탄크림]의 상표출원 가능 여부를 문의해보세요
모두 가능하다면, 단독으로 가시는게 제일 좋습니다.

왜냐하면 조합형으로 갈경우,
다른 브랜드들이 [000 앰플 감탄크림]으로 출원이 될 수도 있거든요. 

[감탄크림]이 유명해질경우, 누구나 사용하는 단어가 되어서는 안됩니다.

만약,
단독으로 출원여부가 애메하거나 불가능 할 경우,
브랜드명과 조합하거나 상품명을 조합하여 확률을 높이는방법으로 가셔야하는겁니다.

셀티브 콜라겐 감탄크림 or 스킨터치 감탄크림
처럼요.

먼저 변리사님에게 단독으로 출원가능여부 판단해주세요."
2025-11-13 11:44:31,"황여진","넵!!  알겠습니다 :)"
2025-11-13 11:44:42,"황여진","이모티콘"
2025-11-13 11:48:44,"황여진","삭제된 메시지입니다."
2025-11-13 11:51:07,"황여진","팀장님
각각 등록이 가능하면..
1)*브랜드명 
2)*고유어
3)*상품명  
3개 모두 등록해야 겠네요~  "
2025-11-13 11:55:09,"황여진","팀장님
각각 등록이 가능하면..
1)*브랜드:스킨터치
2)*고유어:감탄크림
3)*상품명:셀티브 콜라겔 크림. 
3개 모두 등록해야 겠네요~  "
2025-11-13 12:02:17,"조재훈","네, 가능하면 모두 받는게 추후에 좋습니다"
2025-11-13 12:02:41,"황여진","네 잘 알겠습니다:)"
2025-11-13 14:59:45,"황여진","대표님 :) 
*일반 심사 시 총: 162,000원
15개월 ~
*우선 심사 시 총: 542,000원
2~3개월  인데요..
>>일반심사로 해도 괜찮을까요?
아니면..
>>일반심사와 우선심사를 부분적으로 진행해도 괜찮을까요?
아니면
>>우선심사로 해야 할까요?  ;;"
2025-11-17 15:16:04,"미진실장님","대표님~ 우선심사로 추천 드리진 않아요~! 일반심사는 1년정도 걸리고 우선심사는 2~3개월이지만 보통 6개월정도 걸리기도 하더라구요~! ㅎㅎㅎ"
2025-11-17 15:16:21,"미진실장님","답변이 누락되어 지금 보내게 되었네요ㅠㅠ 기다리셨을텐데 죄송합니다! "
2025-11-17 15:16:33,"미진실장님","수정샘플링 나왔으니 기존주소로 보내 드릴게요! 받아보시고 확인해주세용!"
2025-11-18 11:12:04,"황여진","네 알겠습니다:)"
2025-11-20 13:03:34,"황여진","대표님 안녕하세요 
샘플링 확정하겠습니다:)"
2025-11-20 13:06:17,"황여진","용기가 변경되어서 다시 테스트 부탁드립니다. 몇개 보내면 될까요? 
전북특별자치도 남원시 시묘길
43-21 205호로 보내면 될까요?"
2025-11-20 13:09:40,"미진실장님","같은용기로 5개 보내주시면 됩니다! ㅎㅎㅎ"
2025-11-20 13:09:51,"미진실장님","문안 정리해서 다시 전달 드릴게요! "
2025-11-20 13:10:36,"미진실장님","최종확정하신 브랜드명,제품명,용기용량,용기 구매 링크 확인 부탁 드리겠습니다!"
2025-11-20 13:10:44,"황여진","네!! 알겠습니다:)"
2025-11-20 13:11:05,"황여진","용기 테스트 기간은 얼마나 걸릴까요?"
2025-11-20 15:57:42,"미진실장님","용기테스트는 2주정도 소요 됩니다!"
2025-11-20 17:51:28,"황여진","네 알겠습니다 "
2025-11-21 12:32:56,"황여진","대표님 안녕하세요 
용기 보내려고 하는데요 
업체명을: 스킨터치/황여진.
담당자:강미진대표 이렇게 보내면 될까요?
"
2025-11-21 12:33:54,"황여진","전북특별자치도 남원시 시묘길
43-21 205호 레드메디코스.로 보내면 될까요?"
2025-11-21 12:38:17,"미진실장님","넵 맞습니다!! ㅎㅎ"
2025-11-21 12:38:46,"미진실장님","수취인명을 대표님 성함 (황여진대표님) 으로 보내주세요!"
2025-11-21 14:42:53,"황여진","이중PP WR50g 백색크림용기/PE 리드 - 럭스팩
 - https://naver.me/xumKWloQ"
2025-11-21 14:44:49,"황여진","*브랜드명:스킨터치 
*제품명:셀티브 콜라겐 크림.
*용기용량:50ml."
2025-11-24 10:47:10,"황여진","대표님 안녕하세요 
통화 가능하실까요?"
2025-11-24 11:10:24,"미진실장님","11월 3일
11월 14일 

"
2025-11-24 16:51:17,"황여진","대표님 ~
아직 연락이 없을까요?"
2025-11-24 16:51:38,"미진실장님","내일까지 회신 드릴게요~! 처방보고 말씀 주신다고 합니다~!"
2025-11-24 16:52:05,"황여진","아 ~ 알겠습니다 "
2025-11-25 11:49:39,"황여진","대표님 안녕하세요 
아직 회신이 오지 않왔죠~  ;;;

11월14일 샘플링 
점증제와 오일함량 높인걸..  반만 줄여 주시면 될거 같은데요."
2025-11-25 11:51:19,"미진실장님","안녕하세요 대표님~! 연구소에서 가능여부를 검토중에 있습니다ㅠㅠ 반반으로 가능할지, 그렇게 되면 원하는 사용감에 맞춰질지, 다양하게 보고 말씀 드리기 위한 절차이니 오늘중으로 회신 드리겠습니다! 잠시만 기다려주시면 감사하겠습니다. "
2025-11-25 11:55:19,"황여진","네 알겠습니다:)
(25년 마지막 달이 다가오니..
마음이 다급해 졌습니다. ㅠㅜ)
신중을 고려해 주셔서 감사합니다 💕 "
2025-11-25 11:56:31,"미진실장님","넵 대표님~! ㅎㅎ빠르게 확인요청 드렸습니다! 공유 되는대로 말씀 드릴게용!!"
2025-11-25 11:56:58,"황여진","넵!! 감사합니다:))"
2025-11-25 17:24:20,"황여진","삭제된 메시지입니다."
2025-11-25 17:42:46,"미진실장님","대표님~ 100% 같을순 없으나 최대한 사용감 맞춰서 수정 진행해본다고 하십니다~! 수정기간은 3주정도 소요되는점 참고해주세요! "
2025-11-25 17:44:12,"황여진","대표님 ㅠㅠ
왜? 3주나 걸릴까요?
연구팀이  바쁜걸까요?"
2025-11-25 17:45:13,"황여진","안그래도 8회 수정하다  보니 지치는데..   3주라 하니 ;;"
2025-11-26 11:47:46,"황여진","대표님 ❤️ 
통화 가능하실까요?"
2025-11-26 11:59:00,"미진실장님","대표님~! 제가 지금 외부에 나와있어서 1시 이후로 전화 드리겠습니다~!"
2025-11-26 11:59:29,"황여진","네 알겠습니다 "
2025-12-01 16:28:42,"황여진","대표님 안녕하세요 :)
*용기테스트 아직 진행중 이신가요?
*견적서랑 전성분표 먼저 공유 부탁도 될까요?"
2025-12-01 17:38:03,"미진실장님","네 용기테스트 진행중입니다~! "
2025-12-01 17:42:56,"미진실장님","파일: 황여진대표님_견적서(최종견적서).pdf"
2025-12-01 17:43:18,"미진실장님","대표님 먼저 견적서 공유 드립니다~! 문안은 정리해서 내일까지 공유 드릴게요~!"
2025-12-01 17:44:04,"황여진","네 알겠습니다 "
2025-12-02 14:11:20,"미진실장님","대표님 용기테스트 진행 완료 되었습니다! 적합판정으로 오늘 용기 보내 드릴게요~! "
2025-12-02 16:09:47,"미진실장님","파일: 황여진대표님_최종문안.xlsx"
2025-12-02 16:09:53,"미진실장님","파일: 8809981031025.eps"
2025-12-02 16:10:04,"미진실장님","대표님 최종문안 전달 드립니다! 확인하셔서 디자인 해주세요!"
2025-12-02 16:26:27,"황여진","넵!! 알겠습니다 :)"
2025-12-02 17:16:19,"황여진","삭제된 메시지입니다."
2025-12-03 12:46:38,"황여진","대표님 
브랜드명:  
                         +Anti-Aging
CELTIVE COLLAGEN CREAM"
2025-12-03 12:46:44,"황여진","사진"
2025-12-03 12:46:59,"황여진","이런식으로해도 괜찮을까요?"
2025-12-03 12:56:48,"황여진","브랜드명 한글 
*셀티브 콜라겐 +안티에이징크림.
*(미백 주름개선 2중 기능성 화장품) 은 >>
>>단상자와  용기인쇄 뒤 문구에 넣으면 될까요?"
2025-12-03 13:02:32,"미진실장님","대표님 제품명 말씀하시는거죠?"
2025-12-03 13:09:30,"황여진","네네 "
2025-12-03 13:28:14,"미진실장님","사진"
2025-12-03 17:44:23,"황여진","삭제된 메시지입니다."
2025-12-03 17:50:38,"황여진","파일: 스킨터치 단상자 라벨-수정3차.pdf"
2025-12-03 17:51:13,"황여진","대표님 ✔️ 확인 부탁드립니다 "
2025-12-04 12:25:25,"황여진","대표님 똑똑 검토 부탁드립니다 🙏 "
2025-12-04 12:44:50,"미진실장님","*스킨터치 셀티브 콜라겐 크림

용기) 
레드메디코스 주소만 삭제

단상자)

1. 전성분 (최종 전성분이 아님 변경)
병풀잎수, 부틸렌글라이콜, 글리세린, 카프릴릭/카프릭트라이글리세라이드, 달맞이꽃오일, 1,2-헥산다이올, 나이아신아마이드, 스쿠알란, 다이메티콘, 세테아릴알코올, 하이드롤라이즈드콜라겐(10,000ppm), 솔비탄스테아레이트, 달팽이점액여과물, 시어버터, 토코페롤, 판테놀, 알란토인, 다이포타슘글리시리제이트, 아데노신, 소듐하이알루로네이트, 병풀추출물, 바오밥나무열매추출물, 글루타티온, 리보플라빈, 폴릭애씨드, 메나다이온, 사이아노코발아민, 바이오틴, 아스코빅애씨드, 피리독신, 티아민에이치씨엘, 바이오플라보노이드, 에스에이치-폴리펩타이드-3, 에스에이치-폴리펩타이드-22, 에스에이치-폴리펩타이드-1, 에스에이치-올리고펩타이드-2, 에스에이치-올리고펩타이드-1, 팔미틱애씨드, 폴리솔베이트60, 스테아릭애씨드, 정제수, 트로메타민, 솔비탄세스퀴올리에이트, 소듐폴리아크릴레이트, 카보머, 에틸헥실글리세린, 다이소듐이디티에이, 향료


화장품 제조업자/화장품 책임판매업자 주소 구분
->
[화장품 제조업자] 주식회사 레드메디코스 전북특별자치도 남원시 시묘길 43-21, 302호
[화장품 책임판매업자] 주식회사 레드메디코스 전북특별자치도 남원시 시묘길 43-21, 205호 로 변경"
2025-12-04 15:27:29,"황여진","대표님 통화 가능하실까요?"
2025-12-04 15:36:12,"미진실장님","네 전화주세요~! "
2025-12-04 15:38:28,"미진실장님","이걸로 전성분표기"
2025-12-04 15:48:23,"미진실장님","파일: 발주서 양식.xlsx"
2025-12-05 11:58:12,"황여진","파일: 발주서 양식 - 복사본.xlsx"
2025-12-05 11:58:37,"황여진","삭제된 메시지입니다."
2025-12-05 12:01:49,"황여진","대표님 안녕하세요 
발주서에 사업장주소는
사업자등록증에 기재된 주소로 해야 하나요? 아니면..
현재 집 주소로 해도 될까요?"
2025-12-05 12:13:45,"황여진","삭제된 메시지입니다."
2025-12-05 12:14:43,"황여진","대표님 단상자 수정 보완했 습니다.
검토 부탁드립니다 🙏 "
2025-12-05 13:00:05,"황여진","파일: 스킨터치 단상자 라벨-수정5차.pdf"
2025-12-05 13:01:59,"미진실장님","사업장주소로 기입해주시면 되는데, 집주소로 해주셔도 상관은 없습니다!

3pl입고처 주소도 확인 부탁 드릴게요! 

셀티브 콜라겐 크림 발주수량 500개/마감스티커사용 발주 접수하겠습니다."
2025-12-05 13:03:04,"황여진","네!! 알겠습니다 "
2025-12-05 13:05:04,"황여진","이렇게 해서.. 인쇄 들어가도 괜찮을까요?"
2025-12-05 13:07:10,"미진실장님","체크 후 말씀 드리겠습니다!ㅎ"
2025-12-05 13:07:25,"황여진","네 알겠습니다:)"
2025-12-05 13:50:04,"미진실장님","사진"
2025-12-05 13:50:15,"미진실장님","*스킨터치 셀티브 콜라겐 크림
단상자) 전성분 수정
>>
병풀잎수, 부틸렌글라이콜, 글리세린, 카프릴릭/카프릭트라이글리세라이드, 달맞이꽃오일, 1,2-헥산다이올, 나이아신아마이드, 스쿠알란, 다이메티콘, 세테아릴알코올, 하이드롤라이즈드콜라겐(10,000ppm), 솔비탄스테아레이트, 달팽이점액여과물, 시어버터, 토코페롤, 판테놀, 알란토인, 다이포타슘글리시리제이트, 아데노신, 소듐하이알루로네이트, 병풀추출물, 바오밥나무열매추출물, 글루타티온, 리보플라빈, 폴릭애씨드, 메나다이온, 사이아노코발아민, 바이오틴, 아스코빅애씨드, 피리독신, 티아민에이치씨엘, 바이오플라보노이드, 에스에이치-폴리펩타이드-3, 에스에이치-폴리펩타이드-22, 에스에이치-폴리펩타이드-1, 에스에이치-올리고펩타이드-2, 에스에이치-올리고펩타이드-1, 팔미틱애씨드, 폴리솔베이트60, 스테아릭애씨드, 정제수, 트로메타민, 솔비탄세스퀴올리에이트, 소듐폴리아크릴레이트, 카보머, 에틸헥실글리세린, 다이소듐이디티에이, 향료"
2025-12-05 13:59:01,"황여진","파일: 스킨터치 단상자 라벨-수정5차.pdf"
2025-12-05 15:36:51,"황여진","대표님 인쇄 들어 갈까요?"
2025-12-05 16:17:17,"미진실장님","*스킨터치 셀티브 콜라겐 크림
단상자)
전성분 중 '소듐 폴리아크릴레이트' -> '소듐폴리아크릴레이트' 수정"
2025-12-05 16:17:22,"미진실장님","사진"
2025-12-05 17:01:40,"황여진","파일: 스킨터치 단상자 라벨-수정5차.pdf"
2025-12-05 17:04:20,"황여진","대표님 확인 부탁드립니다 "
2025-12-05 17:09:11,"미진실장님","네 확인 후 말씀 드리겠습니다~"
2025-12-05 17:23:54,"미진실장님","사진"
2025-12-05 17:26:45,"미진실장님","전성분은 문제가 없어요! 다만, 띄워쓰기가 잘 안되어있어서 이부분도 크게 문제가 되진 않지만 해당부분만 확인하셔서 인쇄진행하셔도 됩니다~!"
2025-12-05 17:27:09,"황여진","네 알겠습니다:)"
2025-12-08 10:03:06,"황여진","파일: 스킨터치 단상자 라벨-수정5차.pdf"
2025-12-08 10:03:44,"황여진","대표님 안녕하세요 
성분표 검토 부탁드립니다 🙏 "
2025-12-08 10:06:37,"미진실장님","네 확인후에 말씀 드릴게용~~!!"
2025-12-08 10:09:14,"황여진","네 알겠습니다:)"
2025-12-08 10:09:27,"황여진","사진"
2025-12-08 10:12:12,"황여진","대표님 
'수분을 잡아주는 쫀쫀한 마무리.'로 할까요?"
2025-12-08 10:30:35,"미진실장님","그렇게 변경하셔도 됩니다~~!! ㅎㅎ"
2025-12-08 10:56:02,"황여진","넵:)"
2025-12-08 13:24:40,"미진실장님","대표님~ 이상 없습니다! 인쇄 진행하셔도 되요!!ㅎㅎ"
2025-12-08 13:31:05,"황여진","넵!!  알겠습니다 :)"
2025-12-08 15:28:53,"황여진","삭제된 메시지입니다."
2025-12-08 15:30:28,"황여진","삭제된 메시지입니다."
2025-12-08 15:34:34,"황여진","대표님 ~
샘플링 11/3일 확정건으로 출시되는게 맞나요 ?"
2025-12-08 15:41:42,"미진실장님","대표님 이번에 보내드린 용기가 11/3일건에서 향 추가한거에요! 마지막으로 받으신 용기테스트용으로 발주 됩니다~!"
2025-12-08 17:25:13,"황여진","대표님 다시 한 번 더 정리가 필요합니다. 에궁 시간 되실때 연락 바랍니다 "
2025-12-08 17:51:39,"미진실장님","통화 완료~"
2025-12-09 12:14:49,"황여진","대표님 ~
용기, 단상자 언제 보내면 될까요?"
2025-12-09 12:23:04,"미진실장님","인쇄 되시면 바로 보내주셔야 됩니다~!"
2025-12-09 12:23:34,"미진실장님","
공장ㅣ전북 남원시 시묘길 43-21, D1-C302 레드메디코스"
2025-12-09 12:23:39,"미진실장님","여기로 보내주세요!"
2025-12-09 12:24:00,"황여진","네!! 알겠습니다. :)"
2025-12-10 09:43:41,"황여진","대표님  통화 가능하세요?"
2025-12-10 10:17:36,"황여진","대표님~ 콜라겐 10,000ppm은 유지되는거죠  :)"
2025-12-10 13:37:38,"미진실장님","네 맞아요~! ㅎㅎ 콜라겐은 그대로 유지 하고 오전에 통화로 말씀 드렸던것처럼 샘플링 2개로 현재기준이 10이라 하였을때 8과 9로 낮춰서 수정 들어가도록 하겠습니다! "
2025-12-10 17:31:41,"황여진","삭제된 메시지입니다."
2025-12-10 17:31:58,"황여진","대표님 헷갈려서요
10이라 했을때 1과 2로 낮춰서 
8과 9로된 제품을 각각 주신다는 거죠!"
2025-12-10 17:32:50,"미진실장님","맞아요~! 각각 1과 2로 낮춰서 드린다는거에요~!"
2025-12-10 17:35:08,"황여진","네!! 알았습니다:))"
2025-12-11 09:45:04,"황여진","대표님 안녕하세요 ❤️ 
오일 함량은 그대로 유지시켜 주시는 거죠 :)"
2025-12-11 10:14:23,"황여진","대표님 통화 가능하실까용?"
2025-12-11 10:32:50,"미진실장님","통화완료~"
2025-12-16 10:51:17,"황여진","사진"
2025-12-16 10:51:18,"황여진","대표님 안녕하세요 :)
콜라겐 크림 + 괄사를 사은품하고 싶은데.. 괜찮을까요?"
2025-12-16 10:53:30,"미진실장님","괄사 세트 상품으로 좋습니다! ㅎㅎ"
2025-12-16 11:02:01,"미진실장님","통화완료~"
2025-12-16 11:04:41,"황여진","대표님
엑셀키워드 양식파일 부탁드립니다:))"
2025-12-16 11:05:17,"황여진","대표님 통화 가능하세요?"
2025-12-16 11:10:23,"미진실장님","전화주세요~! "
2025-12-16 11:22:17,"황여진","사진"
2025-12-16 11:25:59,"미진실장님","파일: 키워드 관리 양식.xlsx"
2025-12-16 11:26:06,"미진실장님","대표님 전달 드려용!"
2025-12-16 11:28:04,"황여진","넵 감사합니다:)"
2025-12-17 10:59:33,"황여진","대표님 💕 
용기 여유분으로 10개정도 더 보내면 될까요?"
2025-12-17 10:59:46,"미진실장님","용기는 여유분 +20개로 해주세용!ㅎㅎㅎ"
2025-12-17 10:59:58,"황여진","아!! 네 알겠습니다:)"
2025-12-18 12:09:26,"황여진","대표님 안녕하세요 
괄사 사은품 가격 부담으로 
실리콘 세안제로 사은품 증정하려고 하는데..괜찮을까요? :))"
2025-12-18 12:09:30,"황여진","사진"
2025-12-18 12:11:26,"황여진","사진"
2025-12-18 12:12:45,"황여진","사은품은 3pl로 보내는게 맞죠!?"
2025-12-18 13:35:16,"미진실장님","대표님 통화 가능하실까요?"
2025-12-18 13:45:51,"황여진","네 가능합니다 "
2025-12-18 14:18:00,"미진실장님","통화완료~"
2025-12-22 16:28:36,"황여진","대표님 안녕하세요 
'스파츌러'가 리드안에 들아가는건 좀 작아서 딸깍딸깍 소리가나고요..
다른건 좀 길이가 개별 비닐 포장해서 단상자에 끼워 넣아야 할거 같은데..  어떻게 해야할까요?"
2025-12-22 17:50:41,"미진실장님","통화완료~"
2026-01-07 09:09:17,"황여진","대표님 안녕하세요 :)
*단상자는 잘 도착했을까요?
*용기는 인쇄도어서 오늘 남원으로 출고했습니다.  이렇게 되면 ..
*바로 제조가 들어가는 건가요?"
2026-01-07 09:29:38,"미진실장님","안녕하세요 대표님! 통화 가능하실까요? "
2026-01-07 11:32:13,"황여진","네 대표님 ..
통화 가능합니다 "
2026-01-07 12:15:58,"황여진","[발주서 작성]
대표님 사업장 주소지는 집으로 해도 괜찮은가요?"
2026-01-07 12:41:25,"깡회장님","대표님 안녕하세요:) 사업자등록증상 주소 말씀하시는걸까요? 네! 하셔도 괜찮습니다:)"
2026-01-08 10:07:35,"황여진","네 알겠습니다:)"
2026-01-08 10:10:20,"황여진","대표님 💕 
마케팅관련으로 상담 받고 싶습니다. 연락 부탁드립니다 🙏 "
2026-01-08 10:15:59,"깡회장님","대표님 안녕하세요! 어떤 내용인지 말씀해주시면 제가 보고 내일중으로 연락드리도록 하겠습니다:) "
2026-01-08 12:10:16,"황여진","삭제된 메시지입니다."
2026-01-08 12:44:40,"황여진","네 대표님 안녕하세요:)
제가 출시할 '콜라겐 크림' 키워드로~
ex)블로그 작성시..
볼쳐짐없애는법, 팔자주름 눈가주름, 피부탄력 등... 은
뷰티) 시술 or 화장품 광고성 글만 있어서 .. 어떻게 접근할지 막연합니다. 그래서 뷰티 블로그로 작성할까? 고민입니다.

교육중에서는 건강,의학은  정보성 후기성 글로 작성하는거 같은데요.
콜라겐 크림 키워드로 건강,의학은 어떻게 찾아할지 막연합니다. ㅠㅜ
"
2026-01-08 13:33:40,"황여진","파일: 발주서 양식 - 복사본.xlsx"
2026-01-08 13:34:17,"황여진","대표님 안녕하세요 💕 
*단상자는 잘 도착했을까요?
*용기도 잘 도착했을까요?
*발주서 양식 보내드립니다. "
2026-01-08 13:56:03,"미진실장님","대표님 단상자는 입고 되었는데 용기랑 라벨지는 미입고상태 입니다!"
2026-01-08 14:00:37,"황여진","대표님 
*기사님이 (남원.. 코스메틱 ~ )
뒤 하차장에 4박스 놓고가셨다고 합니다. 
*용기는 인쇄된 용기라서 라벨지는 없습니다."
2026-01-08 14:01:30,"미진실장님","하차장에 놓으셨군요! 하차장 확인해서 말씀 드릴게요~"
2026-01-08 14:03:35,"황여진","네 알겠습니다 😊 
오늘 발주서 보내서 4주면
2월 첫째주 정도에  3pl입고 된다고 보면될까요?"
2026-01-08 14:07:13,"황여진","*대표님 단상자 포장은 언제쯤 포장하시는 걸까요?
*괄사도 같이 포장해야 되서요.. 
단상자 포장기간 알려 주시면.. *괄사 일정 맞추려고 합니다."
2026-01-08 14:07:31,"미진실장님","용기,단상자 입고 확인 되었습니다. "
2026-01-08 14:07:43,"미진실장님","대표님 통화 가능하실까요? "
2026-01-08 14:07:49,"황여진","네 가능합니다 "
2026-01-09 14:01:49,"황여진","대표님 안녕하세요 💕 
혹시 오늘 몇시 쯤 마케팅상담 가능할까요? "
2026-01-09 17:17:29,"황여진","대표님 오늘 시간이 안되시면..
주말이라도 상담 받고 싶습니다.
월,화는 제가 일정이 있어서 상담 받기 어렵습니다. 
부디.. 어렵다면 화요일 후~ 받겠습니다. 연락기다리겠습니다 "
2026-01-09 17:23:14,"미진실장님","대표님~! 저희 마케팅코치님과 상담 연결 해드려도 괜찮으실까요? 마케팅분야 전문이라서요~! "
2026-01-09 17:32:03,"황여진","네!! 알겠습니다 "
2026-01-09 17:45:04,"깡회장님","대표님! 제가 회의가 길어져서 이제야 확인했습니다! "
2026-01-09 17:45:15,"깡회장님","제가 전화드릴께요"
2026-01-09 17:57:42,"깡회장님","https://blog.naver.com/tour_d/224052606458"
2026-01-09 17:58:13,"미진실장님","사진 2장"
2026-01-09 17:58:23,"미진실장님","입고된 부자재 검수 완료 되었습니다!ㅎㅎ"
2026-01-09 17:59:44,"깡회장님","https://blog.naver.com/shinebeam_dt/224073807615"
2026-01-09 18:00:52,"깡회장님","키워드 찾고 블로그 작성 후 링크보내주세요!"
2026-01-09 18:11:09,"황여진","네!! 알겠습니다 
감사합니다 "
2026-01-09 18:11:29,"깡회장님","네:) 그때 다시 피드백 드릴께요:)"
2026-01-09 18:12:01,"황여진","네!! :) 💕 "
2026-01-10 12:06:38,"황여진","대표님 :)
어제 링크 주신것 처럼 .. 
[건강,의학] ex)미백관련- 검버섯,멜라민, 비타민씨,
의료시술,, 키워드로 타사 제품을 후기성 정보글로 써서 업로드 하면되는거죠?!"
2026-01-10 12:16:11,"황여진","삭제된 메시지입니다."
2026-01-10 14:08:08,"황여진","맞다면!?
타사 제품들을 위 글처럼 업로드 하면서 ~

*제품 출시될때
[콜라겐 크림]제 제품 성분 하나하나 >>
*건강의학으로 미백, 모공, 비타민, 잡티, 멜라민.. 등 
*키워드 잡아서~ 제 제품을 추천하면 되는건가요?!"
2026-01-12 09:25:28,"깡회장님","맞아요! 다만 웬만하면 다른 제품추천은 하지 마시고 이런것들이 좋다 라고 여러개 보여주고 마무리를 짓는것도 좋을꺼같습니다:) "
2026-01-12 12:06:36,"황여진","네 알겠습니다:)"
2026-01-12 13:20:35,"깡회장님","네:) 대표님:)"
2026-01-14 10:53:10,"황여진","삭제된 메시지입니다."
2026-01-14 10:58:48,"황여진","대표님 안녕하세요:)
완제품이 2월 초에 나와서요. 혹시.. 제품 단상자에 포장해서 2개 정도만 보내주실 수 있으실까요?

사은품으로 들어갈 괄사 사이즈도 맞춰 보고.. 상페부터  블로그까지 작업해 보려고요. 
대표님  가능할까요? :)"
2026-01-14 11:10:29,"깡회장님","대표님 안녕하세요! 혹시 원료를 담아서 완제품으로 전달을 해달라는 말씀이실까요? "
2026-01-14 11:14:57,"미진실장님","대표님 통화 가능하실까요? "
2026-01-14 12:16:34,"황여진","대표님:) 단상자,용기 1개만 보내줘도 괜찮습니다. 감사합니다 "
2026-01-14 13:05:00,"황여진","대표님 스파츌러는 꼭 넣어야 하나요?"
2026-01-15 11:31:42,"황여진","대표님 ~ :)
*대표님 꼭 임상실험을 해야 판매할 수 있는건가요?
*판매하면서.. 임상실험 결과가 나오면 상페에 올리면 되는건가요?
*스파츌러를 해야한다면 opp비닐 포장까지는 안하고 단상자에 끼워 넣어도 괜찮을 까요?"
2026-01-15 12:02:51,"깡회장님","대표님 안녕하세요:) 
임상실험이 필수는 아닙니다:) 마케팅용도로 사용하실꺼라서 추후 하셔도 되시고 판매하시면서 임상 완료되면 상세페이지등에 활용하기 위해 진행하는것이라고 생각하시면 됩니다:) 
추가적으로 스파츌러는 일반적으로 용기안에 삽입이 되어있어야 오염이 되지 않습니다. 그래서 단상자에 끼워넣는것은 추천드리고 있지 않습니다. "
2026-01-15 14:00:58,"황여진","네!! 알겠습니다:)"
2026-01-15 14:08:20,"깡회장님","네:) 대표님:)"
2026-01-21 10:19:43,"황여진","대표님 안녕하세요:)
통화 가능하실까요?"
2026-01-21 11:48:27,"미진실장님","제가 전화 드려도 될까요?"
2026-01-21 11:50:12,"황여진","넵!!"
2026-01-21 11:57:28,"미진실장님","괄사 3~4주 소요"
2026-01-23 17:45:59,"황여진","https://blog.naver.com/consiter/224150035388"
2026-01-23 17:46:09,"황여진","https://blog.naver.com/consiter/224147864330"
2026-01-23 17:46:58,"황여진","대표님 안녕하세요 :)
블로그 건강의학으로 이렇게 작성하면 될까요? "
2026-01-23 17:52:03,"깡회장님","이거 어떤 키워드를 잡으신걸까요?"
2026-01-23 18:12:19,"황여진","1번 기미, 잡티
2번 탄력 마사지관리 입니다. "
2026-01-23 18:13:34,"깡회장님","사진"
2026-01-23 18:13:44,"깡회장님","이건 키워드가 아닙니다."
2026-01-23 18:14:00,"깡회장님","실제 소비자가 검색하는 키워드를 우리는 키워드라고 부릅니다. "
2026-01-23 18:14:19,"깡회장님","사진"
2026-01-23 18:14:21,"깡회장님","이런것처럼"
2026-01-23 18:14:29,"깡회장님","사진"
2026-01-23 18:14:50,"깡회장님","이런 검색량이 있어야 노출이 되면 소비자가 검색후 확인을 하겠죠?"
2026-01-23 18:14:54,"깡회장님","이해 되셨을까요?"
2026-01-23 18:15:05,"깡회장님","글은 잘 작성하셨는데"
2026-01-23 18:15:16,"깡회장님","키워드부분을 이해하지 못하신듯합니다."
2026-01-23 18:15:25,"깡회장님","음,,제가 3주차 줌피드백 아직 열어두었습니다."
2026-01-23 18:15:32,"깡회장님","그거 한번 보시면 좋을꺼같아요!"
2026-01-23 18:17:03,"황여진","삭제된 메시지입니다."
2026-01-23 18:17:50,"황여진","대표님 참고할 블로그 글 몇개만 추천해 주시겠어요 "
2026-01-23 18:22:38,"황여진","ex)제목에: 검버섯 없애는법, 검버섯 원인 키워드로  
도입문에도: 키워드를 넣으면 될까요?"
2026-01-23 18:27:42,"황여진","삭제된 메시지입니다."
2026-01-23 18:28:50,"황여진","삭제된 메시지입니다."
2026-01-23 18:33:22,"황여진","https://blog.naver.com/godinvoyage/224123241608"
2026-01-23 18:33:54,"황여진","대표님 제가 체험한 것처럼 써도 되는거죠?"
2026-01-23 19:43:26,"황여진","네 알겠습니다 "
2026-01-26 09:52:08,"깡회장님","대표님 안녕하세요! 주말이 껴있다보니 답변이 늦었습니다. 
우선 글 잘 작성해주셨네요. 고주파 마사지기 부작용 노출도 되어있구요.
키워드도 많이 잘 넣어주셨네요! 작성방법의 경우 답은 없습니다. 검색자의 의도가 후기성을 원하는것같다면 후기성을 작성하셔도 상관없습니다:) "
2026-01-26 17:38:54,"황여진","네 알겠습니다 "
2026-01-26 19:44:15,"깡회장님","네:)대표님:) 경험을 많이 넣는걸 네이버가 좋아하기때문에 정보성이든 후기성이든 경험을 많이 넣으시면 좋습니다:)"
2026-01-27 20:29:44,"황여진","네! 대표님:)
이렇게 소비자가 많이 검색하는 키워드로.. 정보성이든 후기성이든 제가 경험한 것 처럼 작성하면 된다라는 말씀이신거죠. 

ex)제가 레이저 시술은 안했지만..
체험한 것 처럼 써도 괜찮은 거죠  🫣"
2026-01-28 09:58:41,"깡회장님","맞아요:) 잘 이해하셨습니다:)"
2026-01-28 09:59:16,"깡회장님","매번 글마다 작성자가 바뀌는 느낌이여도 상관없습니다:) 어차피 블로그를 키우는목적이 아닌 키워도 노출용 블로그이니까요:)"
2026-01-28 09:59:21,"깡회장님","이해 되셨을까요?"
2026-01-28 10:00:36,"황여진","넵 알겠습니다 
감사합니다:)"
2026-01-28 10:01:46,"황여진","이모티콘"
2026-01-28 10:05:09,"깡회장님","좋습니다:)대표님:) 오늘도 화창한 하루 되세요:)"
2026-01-28 10:11:49,"황여진","넵!! 대표님 한가지 더 질문입니다. 
대표님 이런 키워드로 건강,의학으로 쓰면 되는거죠. 콜라겐 영양크림이다 보니.. *뷰티만 가야하는건가 싶어서요. 
"
2026-01-28 10:32:55,"깡회장님","아니죠! 대표님의 경우도 주름관련이나 다양한 증상에 엮을수 있는거라 건강쪽도 생각하셔야합니다. "
2026-01-28 10:34:04,"황여진","네네!! 잘 알겠습니다. :)"
2026-01-28 10:35:16,"깡회장님","네:) 뷰티쪽도 좋은데 건강쪽을 건드시는게 훨씬 매출전환이 좋아요:) 그렇기때문에 이 화장품으로 해결가능한 증상들을 많이 찾아보시면 좋을꺼같습니다:)"
2026-01-28 10:36:39,"황여진","오~ 잘 알겠습니다:)
화이팅하겠습니다.
감사합니다 👍 "
2026-01-28 10:37:07,"깡회장님","좋습니다:)대표님!!"
2026-01-28 10:37:10,"깡회장님","이모티콘"
2026-01-28 10:39:16,"황여진","넵 감사합니다 💞 "
2026-01-28 10:52:42,"미진실장님","대표님 괄사사이즈 맞춰 보셨나요?"
2026-01-28 10:53:30,"황여진","사진"
2026-01-28 10:55:41,"황여진","안그래도
어제 통관에세 포장이 파손 되었다고 연락이 왔습니다. ㅠㅜ
그래서 2주~3주 정도 더 소요될거 같아요. ;;;  "
2026-01-28 10:57:02,"황여진","사진"
2026-01-28 10:58:30,"황여진","2월 2째주~ 구정 지나고 까지  예상하고 있습니다. ㅠㅜ
"
2026-01-30 16:38:09,"황여진","https://blog.naver.com/consiter/224165452774

대표님 안녕하세요 :)
검색량 키워드를 찾아서 업로드 했습니다. 이렇게 올리면 되는건가요:)"
2026-01-30 16:52:23,"황여진","삭제된 메시지입니다."
2026-01-30 18:34:30,"깡회장님","키워드 온다리프팅만 잡으신거맞죠? 그랬다면 잘 작성하셨어요! 키워드도 잘 넣어셨구요:) 잘하셨네요:)"
2026-01-30 18:36:40,"황여진","제목에 '온다리프팅'으로 했는데.. 
이렇게하는게 잡히는건가요,"
2026-01-30 18:36:43,"황여진","?"
2026-01-30 18:39:53,"깡회장님","제목에 1번 본문에 10번정도 들어가면 되요. 키워드는 잘 맞춰서 넣으셨어요. "
2026-01-30 18:39:57,"깡회장님","다만 만약에 저라면 "
2026-01-30 18:40:19,"깡회장님","사진"
2026-01-30 18:40:52,"깡회장님","여기서 세부키워드를 2개 정도 엮었을꺼같아요. 메인하나가 크니까 하나만 잡으신거같은데 세부도 함께 엮어서 작성했으면 세부는 노출되었을수도 있죠! "
2026-01-30 18:42:26,"황여진","사진"
2026-01-30 18:43:15,"깡회장님","자. 만약에 온다리프팅 가격도 키워드로 잡았다면"
2026-01-30 18:43:29,"깡회장님","본문에도 온다리프팅 가격이란 키워드가 10개 정도 있어야겠죠"
2026-01-30 18:44:04,"깡회장님","사진"
2026-01-30 18:44:16,"깡회장님","근데 온다리프팅 가격은 제목에 넣지만 본문엔 없죠?"
2026-01-30 18:44:22,"깡회장님","그럼 노출이 안되겠죠?"
2026-01-30 18:44:25,"깡회장님","이해 되셨을까요?"
2026-01-30 18:44:59,"깡회장님","내가 노출할 키워드는 본문에 꼭 10번정도 들어가야해요.!"
2026-01-30 18:46:07,"황여진","아!! 본문에도!!  
잘 알겠습니다.  감사합니다 👍"
2026-01-30 18:48:13,"황여진","사진"
2026-01-30 18:49:38,"황여진","삭제된 메시지입니다."
2026-01-30 18:50:57,"황여진","제목에  키워드 1개
본문에 키워드 10개로 만들겠습니다.  "
2026-02-02 14:25:57,"깡회장님","네:) 대표님:) 답변이 누락되었었었네요:) 이렇게 작성하시면 계속 노출되는데 영향을 많이 끼치니 꼭 본문에도 키워드를 활용해주세요:)"
2026-02-02 17:35:50,"황여진","네:) 대표님:) 알겠습니다:)"
2026-02-02 17:47:09,"깡회장님","네:) 대표님:) "
2026-02-03 13:20:51,"황여진","미진 대표님 통화 가능하실까요?"
2026-02-03 14:27:38,"깡회장님","혹시 저일까요? 아님 코치님과 통화를 원하시는걸까요? "
2026-02-03 14:45:07,"황여진","대표님 상관 없습니다.
시간되시는 대표님과 통화 가능하실까요 "
2026-02-03 14:46:26,"미진실장님","010 6523 1393 가능하실때 전화 주세요!"
2026-02-04 11:27:56,"황여진","사진"
2026-02-04 11:29:20,"황여진","사진"
2026-02-04 11:30:30,"황여진","안녕하세요 대표님:)
오늘 스파츌라 보냈습니다.
잘 부탁드립니다 "
2026-02-04 11:36:36,"황여진","대표님 3pl에는 언제 입고 될까요?"
2026-02-04 14:50:34,"미진실장님","완제품생산후에 출고 됩니다.
일정 공유 되면 전달 드릴게요~"
2026-02-04 17:49:37,"황여진","네 알겠습니다 ~"
2026-02-06 11:22:47,"미진실장님","완제품 생산일정 공유 드립니다.

▶ 생산 일정
02월 10일 (화) 생산 진행
02월 11일 (수) 오전 10시경 용달출고 진행

▶ 출고 관련 안내
최근 날씨영향 및 배송 과정에서 파손 문제가 발생하여 
현재는 안전한 용달 출고만 진행하고 있습니다. 
따라서, 용달출고비용(150.000원)이 발생 되는 점 
참고 부탁 드립니다.

*택배를 원하시는경우 택배로도 가능합니다! 
다만, 제품파손시 배송과정에서의 문제이므로 
당사는 책임지지 않는 점 참고 부탁 드립니다

▶ 결제 안내
생산 완료 후, 마감거래명세서를 전달 드릴 예정입니다.
확인 후 잔금 입금 부탁드립니다.

▶ 대표님 확인 요청 사항 (필수) 
3PL 입고처 상호명 / 연락처 / 주소 전달 부탁드립니다."
2026-02-06 20:43:37,"황여진","네! 알겠습니다. 
3LP:  주)허브
010 3042 3756
김포시 대곶면 산자뫼로 123"
2026-02-06 20:44:32,"황여진","사진"
2026-02-06 20:46:01,"황여진","대표님 스파츌라보냈는데.. 확인 되었을까요? "
2026-02-06 20:54:30,"황여진","대표님 
상세페이지 만들려면 완제품이 필요해서요~ 3PL 보낼때 ..
5개만 빼서 경기도 김포시 고촌읍 수기로136 캐슬앤파밀리에시티2단지 218-403호로 보내 주실 수 있으세요?
다른 대표님분들도 상페 만드려고 몇개 정도는 이렇게 따로 빼서 쓰나요?"
2026-02-07 14:02:49,"황여진","대표님 
상페에 추가할 문구 구상 중입니다.
달팽이점액은 몇ppm 들어갔을까요?"
2026-02-07 15:07:33,"황여진","달맞이꽃오일도 몇ppm들어갔을까요?"
2026-02-09 07:55:16,"황여진","대표님 안녕하세요 :)
혹시.. 오픈라인 모집 마감되었을까요? "
2026-02-09 10:18:59,"깡회장님","대표님:) 안녕하세요! 좋은 아침입니다! 오프라인 모집은 마감되었습니다! "
2026-02-09 10:19:08,"깡회장님","@미진실장님 이부분 확인해서 답변드리도록하겠습니다:)"
2026-02-09 10:36:17,"미진실장님","달맞이꽃오일  25,000ppm
입니다!"
2026-02-09 11:27:26,"미진실장님","사진"
2026-02-09 11:27:57,"미진실장님","스파츌러 입고 되었습니다.

스파츌러 사이즈가 딱 맞지않아 한번 꾹 눌러야 뚜껑이 닫히네요
다음엔 조금 작은 사이즈로 진행하시는게 좋겠습니다~! "
2026-02-09 12:53:26,"황여진","네 :) 알겠습니다."
2026-02-09 12:54:28,"황여진","대표님 달팽이점액은 몇ppm일까요?"
2026-02-09 12:55:33,"황여진","네 알겠습니다 
대표님 부득이하게 자리 나오면 연락 부탁드립니다 🙏 "
2026-02-09 13:54:40,"깡회장님","@미진실장님 확인해주세요! "
2026-02-09 14:41:32,"미진실장님","달팽이점액여과물  9,700ppm 입니다"
2026-02-10 14:13:16,"황여진","미진이사님 안녕하세요 
내일 완제품 출고관련 문의로..
혹시 통화 가능하실까요?"
2026-02-10 14:34:46,"미진실장님","네 전화 가능하실때 010-6523-1393으로 연락 주세요! "
2026-02-10 14:39:29,"황여진","대표님 
출고될때 기존 배송지로 10개만 보내주시겠어요 ~"
2026-02-10 14:53:11,"미진실장님","네네! "
2026-02-10 14:54:27,"미진실장님","대표님 통화 가능하실떄 말씀 부탁 드려요!"
2026-02-10 18:01:00,"미진실장님","파일: 260210_셀티브콜라겐크림_1차 마감거래명세서.pdf"
2026-02-10 18:06:19,"미진실장님","완제품 생산이 완료 되었습니다.

총샌산수량 : 504개

3pl 출고 : 56개*9박스 = 총수량 504개  
자택 출고 : 8개*1박스 = 총수량 8개

마감거래명세서 확인하시어 잔금 입금 바랍니다. 
입금 후 세금계산서 발행을 위해 사업자등록증과 메일주소 확인 부탁 드립니다."
2026-02-10 18:20:39,"황여진","네 알겠습니다 "
2026-02-10 21:29:49,"황여진","사진"
2026-02-11 10:06:16,"미진실장님","용달 출고 되었습니다!
대표님 사업자등록증 확인 부탁 드려요!"
2026-02-11 10:08:16,"황여진","사진"
2026-02-23 10:23:48,"황여진","대표님 안녕하세요 :)
임상센타 추천해 주실만한 곳이 있으실까요? :))"
2026-02-23 10:25:07,"미진실장님","춘천향대학교 PMC센터 추천 드립니다~! ㅎㅎ"
2026-02-23 10:39:08,"황여진","넵!! 감사합니다 💕 "
2026-02-25 10:37:35,"황여진","대표님 안녕하세요 :)
춘천향대 PMC 센터 문의 했는데요..
**일단 식약처 심사를 받고 >> 서류제출하면..
**결, 밝기, 보습, 투명도, 각질.. 중 3개 선택해서>> 600만원이라고 합니다. (이것도 설 특가 가격이라고 합니다.) 좀 부담스런 가격인데.. 보통 이 가격에 하는게 맞나요?
**아니면 식약청 인증만 받고..
집에서 비교사진 찍어서 마케팅 자료로 써야할지 고민입니다."
2026-02-25 10:39:04,"깡회장님","대표님 안녕하세요! 혹시 어떤 임상을 받고 싶으신걸까요? 보통 저렇게 많이 하는건 지원사업 연결해서 진행을 많이 합니다. 일반적으로 저자극정도만 진행하는경우가 많은데 왜 이렇게 많이 하시려고 하시는지 궁금해서 여쭤봅니다!"
2026-02-25 10:43:16,"황여진","삭제된 메시지입니다."
2026-02-25 10:44:30,"황여진","상담하시는분이 3개 정도 추천해 주셨어요.
*아! 그럼 식약청 심사은 후 ~
*보통 저자극 테스트만 본다면 그렇게 진행하겠습니다.
*대표님 지원사업이나.. 저렴하게 임상 테스트 받을 만한 곳 추천 부탁드립니다 🙏 "
2026-02-25 11:03:27,"깡회장님","맞아요. 저자극만 하셔도 괜찮습니다. 추가적으로 임상을 보다보면 욕심이 나긴 하는데 하다보면 너무 비싸지니까 이건 지원사업 연결해서 진행하시면 좋습니다. 관련지원사업은 지금은 없는거같은데 분기별로도 지역별로도 다양하게 나와서 자주 확인하시면 좋습니다. "
2026-02-25 11:09:17,"황여진","삭제된 메시지입니다."
2026-02-25 11:10:56,"황여진","삭제된 메시지입니다."
2026-02-25 11:53:34,"황여진","네 알겠습니다:)
*일단 식약처 심사만 받아 놓고 ..
지원사업 기다리면 되는거죠?

*만약.. 일반적인 개인비용으로  저자극 임상테스트를  받고 싶다면  100만원 이상은 생각해야 되는거죠?"
2026-02-25 11:57:13,"깡회장님","대표님 혹시 식약처 심사라는게 무슨 말씀이실까요?"
2026-02-25 12:04:38,"황여진","삭제된 메시지입니다."
2026-02-25 12:09:36,"황여진","춘천향대 PMC센타에서 상담해 주시는 분이..
식약청 심사에서 승인받은 서류를 제출해야 (인체실험을  위해)임상 테스트 진행하신다고 했습니다. 

식약청 승인 3~4주~
받을 임상테스트  4주~
2달~3달 정도 걸리다고 하셨어요."
2026-02-25 12:43:15,"깡회장님","아 기본정보요! 이해했습니다! 네네! 그럼 지원사업 나오면 연계해서 진행해도 좋을꺼같아요! 일반적으로 80-90%까지도 지원해주니까요!"
2026-02-25 12:45:22,"황여진","네!! 알겠습니다."
2026-02-25 12:45:44,"깡회장님","네! 대표님:)"
2026-02-25 12:46:15,"황여진","대표님
*일단 식약처 심사만 받아 놓고 ..
지원사업 기다리면 되는거죠?

*만약.. 일반적인 개인비용으로  저자극 임상테스트를  받고 싶다면  100만원 이상은 생각해야 되는거죠?"
2026-02-25 12:46:48,"깡회장님","저자극테스트는 지금 조금 오르긴 했는데 30만원정도만 할수 있어서 그냥 하셔도 됩니다!"
2026-02-25 12:47:33,"황여진","넵!! 알겠습니다 
감사합니다 "
2026-02-25 12:48:11,"깡회장님","네:) 대표님! 저자극 테스트도 각 임상센터마다 금액이 조금씩 다르니 화온연 임상센터 리스트보시고 다양한곳에 연락해보세요:)"
2026-02-25 12:50:42,"황여진","네 알겠습니다:)"
2026-02-25 12:52:02,"황여진","사랑하는 💕  대표님 :)
피그마로 만든 상세페이지 메일로 받아 볼 수 있을까요?
consider3@naver.com "
2026-02-25 13:09:13,"미진실장님","보내고 말씀 드리겠습니다! ㅎㅎ"
2026-02-25 13:09:51,"황여진","넵!! 감사합니다 "
2026-02-25 13:19:56,"미진실장님","대표님 보내 드렸습니다!ㅎㅎ"
2026-02-25 13:38:06,"황여진","사진"
2026-02-25 13:38:51,"황여진","대표님 
저는 이렇게 뜨는데..  맞는건가요?"
2026-02-25 13:38:56,"황여진","사진"
2026-02-25 13:39:53,"황여진","화온연 교육자료엔  이렇게 나오거든요."
2026-02-25 13:55:23,"깡회장님","네! 대표님 맞습니다. 피그마 자료는 대표님이 사진이랑 내용을 넣어서 진행하셔야합니다. 
그리고, 저희가 지금 상세페이지 만드는 프로그램을 만들고 있거든요? 텍스트와 사진만 넣으면 알아서 상세페이지만들게끔말이죠. 음,,,한 3월안에는 나올꺼같긴한데 이것도 나오면 함께 공유해드릴께요:) "
2026-02-25 14:06:55,"황여진","넵 감사합니다 💞 "
2026-02-25 14:07:51,"깡회장님","네:) 대표님:) 피그마도 영상으로 진행방법이 있긴합니다. 다만 이것도 어려워하시는분들이 있어서 프로그램을 자체개발중이니 기다려주세요:) "
2026-02-25 14:13:35,"황여진","하면 할수록.. 복잡하고  어렵습니다. (슬픔)
*처음 망고갔다가.. >>
*재디터 갔다가..>>
*미리캔버스 갔다가.. >>
*피그마로 왔습니다. 휴 ~ 
열심히 달리는데.. 점점 복잡해져요 ㅎㅎ;; 대표님 살려주세용~ ^^;;;"
2026-02-25 14:14:36,"깡회장님","그래서 저희가 개발하려고 하고 있습니다:) 3월에 다양한 프로그램들이 완성될 예정이니 우선 먼저 진행하시고 있다가 추후 활용하시면 좋을꺼같습니다!"
2026-02-25 14:15:20,"황여진","네!!
그래도 대표님이 있어서 ..
든든합니다. 늘  감사합니다 "
2026-02-25 14:16:05,"깡회장님","네:) 대표님 계속 다양하게 활용할수 있도록 업그레이드는 계속 될 예정이긴합니다. 어차피 평생 저랑 보실꺼라 업데이트 되면 계속 활용해보시죠!"
2026-02-25 14:16:46,"황여진","넵!!"
2026-02-25 14:42:39,"깡회장님","이모티콘"
2026-02-27 10:59:19,"황여진","삭제된 메시지입니다."
2026-02-27 11:00:08,"황여진","대표님 안녕하세요 :)
줌 라이브 피드백 강의를
1년 동안 열어 주신다고 하셨는데요. 
마지막 날인 4/18까지  열어 주시는 건가요?"
2026-02-27 14:17:39,"깡회장님","대표님 안녕하세요! 맞습니다!  4월말까지는 열어두려고 하고 있습니다:) "
2026-02-27 16:48:32,"황여진","오 ~ 감사합니다. :))"
2026-02-27 17:24:02,"깡회장님","네:) 대표님:) "
2026-03-11 09:12:49,"황여진","회장님 안녕하세요 
아직도 상세페이지 만들지 못해서 판매도.. 블로그도.. 못 쓰고 있는 상황입니다. ㅠㅜ
크몽 외주를 의뢰하자니 불안하고 
제가 만들기엔 아직도 멘붕입니다.
저만 이렇게 어려워 하나요 ;;;
회장님.. 
**프로그램 개발은 언제쯤 완성될까요? **
우선 먼저 진행하라고 하셨는데..
제가 너무 완벽하게  상세페이지를 만드려고 하는건가 싶기도합니다. 흑흑 😭 
잘 나가다 물이 고여.. 나가지 못하니. 마음이 무게가 너무너무 커집니다.  "
2026-03-11 11:01:04,"미진실장님","대표님 통화 가능하실까요? "
2026-03-11 11:49:32,"깡회장님","오,, 대표님! 크몽에 맡기셔도 되는데 어떤게 불안하신걸까요? "
2026-03-11 11:55:57,"황여진","강의때 외주 의뢰하면..
내가 원하는 상세페이지로 나오기 힘들다고 하셔서요.
일반 대중화된 상세페이지로 나올 가능성이 높다고 하셔서요 ..
"
2026-03-11 12:25:21,"깡회장님","아! 그말은 기획까지 맡겼을때를 말씀드린거고, 기획은 대표님이 어느정도하시고 초안을 드리면 그래도 퀄리티 괜찮습니다:) 기다리는것보단 빨리 세팅해서 출시하는게 맞으니까요! "
2026-03-11 12:26:07,"황여진","네네 알겠습니다 "
2026-03-11 12:26:43,"깡회장님","네, 대표님! 빠르게 진행해보시죠!"
2026-03-11 12:51:24,"황여진","넵!!"
